timestamp,temperature,vibration,current,stress_score,status
5/31/2026 17:44,34.7,0,0.63,22,Normal
5/31/2026 17:44,45.5,1,3.6,100,High Stress
5/31/2026 17:44,40.1,1,1.14,45,Medium Stress
5/31/2026 17:44,45.5,1,4.02,99,High Stress
5/31/2026 17:45,38.8,0,1.59,51,Medium Stress
5/31/2026 17:45,42.4,1,4.61,85,High Stress
5/31/2026 17:45,36.9,0,0.35,33,Normal
5/31/2026 17:45,36.4,0,0.77,39,Normal
5/31/2026 17:45,42.7,1,3.96,89,High Stress
5/31/2026 17:45,46.2,1,4.42,87,High Stress
5/31/2026 17:45,39,0,1.92,62,Medium Stress
5/31/2026 17:45,35.7,0,0.7,29,Normal
5/31/2026 17:45,,0,0.35,25,Normal
5/31/2026 17:45,35.5,0,0.68,39,Normal
5/31/2026 17:45,36.8,0,0.54,30,Normal
5/31/2026 17:45,42.3,1,4.23,99,High Stress
5/31/2026 17:45,34.5,0,0.23,39,Normal
5/31/2026 17:45,43.5,1,3.39,92,High Stress
5/31/2026 17:45,46.7,1,3.95,74,High Stress
5/31/2026 17:45,39.4,1,1.01,64,Medium Stress
5/31/2026 17:45,35.7,0,0.52,26,Normal
5/31/2026 17:45,35.2,0,0.5,24,Normal
5/31/2026 17:46,47.2,1,,93,High Stress
5/31/2026 17:46,34.5,0,,23,Normal
5/31/2026 17:46,35.4,0,0.24,27,Normal
5/31/2026 17:46,34.3,0,0.28,30,Normal
5/31/2026 17:46,38.5,1,1.8,63,Medium Stress
5/31/2026 17:46,40,1,1.76,58,Medium Stress
5/31/2026 17:46,36.6,0,0.39,28,Normal
5/31/2026 17:46,40.8,1,1.38,47,Medium Stress
5/31/2026 17:46,43.5,1,4.62,77,High Stress
5/31/2026 17:46,34.1,0,0.28,32,Normal
5/31/2026 17:46,35.6,0,,30,Normal
5/31/2026 17:46,45.2,1,3.93,75,High Stress
5/31/2026 17:46,40.4,1,1.35,50,Medium Stress
5/31/2026 17:46,34.8,0,0.91,36,Normal
5/31/2026 17:46,40.5,0,1.15,60,Medium Stress
5/31/2026 17:46,40.1,0,,50,Medium Stress
5/31/2026 17:46,44.5,1,3.47,78,High Stress
5/31/2026 17:46,36.1,0,0.24,30,Normal
5/31/2026 17:46,40.6,1,1.19,63,Medium Stress
5/31/2026 17:47,39.4,1,1.53,65,Medium Stress
5/31/2026 17:47,46.1,1,4.21,81,High Stress
5/31/2026 17:47,37.5,0,0.85,22,Normal
5/31/2026 17:47,47.5,1,4.95,72,High Stress
5/31/2026 17:47,34.8,0,0.91,24,Normal
5/31/2026 17:47,43.4,1,4.42,98,High Stress
5/31/2026 17:47,37.4,0,0.26,29,Normal
5/31/2026 17:47,35.9,0,0.31,28,Normal
5/31/2026 17:47,34.3,0,0.7,26,Normal
5/31/2026 17:47,36.5,0,0.5,37,Normal
5/31/2026 17:47,43.5,1,3.44,91,High Stress
5/31/2026 17:47,34.2,0,0.77,29,Normal
5/31/2026 17:47,36.1,0,0.27,21,Normal
5/31/2026 17:47,34.6,0,0.93,22,Normal
5/31/2026 17:47,,1,4.76,98,High Stress
5/31/2026 17:47,43.1,1,3.14,84,High Stress
5/31/2026 17:47,38.3,1,1.49,65,Medium Stress
5/31/2026 17:47,39,0,1.47,62,Medium Stress
5/31/2026 17:48,40,1,1.44,44,Medium Stress
5/31/2026 17:48,43.3,1,3.28,88,High Stress
5/31/2026 17:48,42.3,1,3.56,97,High Stress
5/31/2026 17:48,40.4,0,1.51,49,Medium Stress
5/31/2026 17:48,34.3,0,0.91,25,Normal
5/31/2026 17:48,,0,0.77,35,Normal
5/31/2026 17:48,38.5,0,1.69,53,Medium Stress
5/31/2026 17:48,43.8,1,3.02,74,High Stress
5/31/2026 17:48,37.8,0,0.87,40,Normal
5/31/2026 17:48,45.4,1,3.42,74,High Stress
5/31/2026 17:48,37.8,0,0.72,38,Normal
5/31/2026 17:48,36.9,0,0.41,31,Normal
5/31/2026 17:48,44.1,1,3.6,91,High Stress
5/31/2026 17:48,40.5,1,1.47,62,Medium Stress
5/31/2026 17:48,38.4,1,1.6,54,Medium Stress
5/31/2026 17:48,42.7,1,3.22,100,High Stress
5/31/2026 17:48,39.6,0,1.8,51,Medium Stress
5/31/2026 17:48,35,0,0.78,20,Normal
5/31/2026 17:49,45.5,1,3.98,74,High Stress
5/31/2026 17:49,38.4,0,1.3,68,Medium Stress
5/31/2026 17:49,35.2,0,0.59,38,Normal
5/31/2026 17:49,47.9,1,3.42,85,High Stress
5/31/2026 17:49,34.2,0,0.25,37,Normal
5/31/2026 17:49,35.8,0,0.81,30,Normal
5/31/2026 17:49,38.9,1,,41,Medium Stress
5/31/2026 17:49,35.2,0,0.74,36,Normal
5/31/2026 17:49,34.7,0,0.44,24,Normal
5/31/2026 17:49,37.7,0,0.61,38,Normal
5/31/2026 17:49,36.8,0,0.49,23,Normal
5/31/2026 17:49,37.1,0,0.82,20,Normal
5/31/2026 17:49,42.4,1,4.57,77,High Stress
5/31/2026 17:49,40.2,0,1.49,51,Medium Stress
5/31/2026 17:49,34.8,0,0.52,21,Normal
5/31/2026 17:49,36.9,0,0.57,27,Normal
5/31/2026 17:49,37.9,0,0.66,26,Normal
5/31/2026 17:50,40.5,1,1.18,70,Medium Stress
5/31/2026 17:50,37.9,0,0.23,24,Normal
5/31/2026 17:50,35.8,0,0.32,34,Normal
5/31/2026 17:50,35.1,0,0.57,40,Normal
5/31/2026 17:50,34.7,0,,24,Normal
5/31/2026 17:50,38.3,0,1.13,49,Medium Stress
5/31/2026 17:50,39.5,0,1.69,54,Medium Stress
5/31/2026 17:50,34.7,0,0.8,39,Normal
5/31/2026 17:50,40.2,1,1.33,43,Medium Stress
5/31/2026 17:50,34.1,0,0.63,24,Normal
5/31/2026 17:50,39.8,1,1.89,56,Medium Stress
5/31/2026 17:50,34.8,0,0.53,40,Normal
5/31/2026 17:50,45.2,1,3.7,76,High Stress
5/31/2026 17:50,45.9,1,4.57,100,High Stress
5/31/2026 17:50,38.2,1,1.09,67,Medium Stress
5/31/2026 17:50,,0,0.88,22,Normal
5/31/2026 17:51,47.4,1,4.1,74,High Stress
5/31/2026 17:51,36.1,0,0.75,28,Normal
5/31/2026 17:51,34.7,0,0.34,28,Normal
5/31/2026 17:51,36.9,0,0.32,32,Normal
5/31/2026 17:51,38.2,1,1.11,65,Medium Stress
5/31/2026 17:51,48,1,4.36,100,High Stress
5/31/2026 17:51,47.4,1,3.99,77,High Stress
5/31/2026 17:51,39.2,0,1.09,64,Medium Stress
5/31/2026 17:51,36.7,0,0.21,32,Normal
5/31/2026 17:51,34.8,0,0.88,40,Normal
5/31/2026 17:51,42.4,1,4.24,72,High Stress
5/31/2026 17:51,40.2,0,1.39,54,Medium Stress
5/31/2026 17:51,34.1,0,0.54,25,Normal
5/31/2026 17:51,35.7,0,0.74,21,Normal
5/31/2026 17:51,36.3,0,0.53,28,Normal
5/31/2026 17:51,47.7,1,3.07,91,High Stress
5/31/2026 17:51,36.1,0,0.61,22,Normal
5/31/2026 17:52,37.8,0,0.7,22,Normal
5/31/2026 17:52,37.5,0,0.44,33,Normal
5/31/2026 17:52,38.5,0,1.03,61,Medium Stress
5/31/2026 17:52,39.6,0,1.99,66,Medium Stress
5/31/2026 17:52,45.6,1,4.8,84,High Stress
5/31/2026 17:52,42.3,1,3.2,96,High Stress
5/31/2026 17:52,44.2,1,4.88,74,High Stress
5/31/2026 17:52,36.6,0,0.78,37,Normal
5/31/2026 17:52,34.1,0,0.54,20,Normal
5/31/2026 17:52,44,1,4.16,97,High Stress
5/31/2026 17:52,38.4,0,1.99,50,Medium Stress
5/31/2026 17:52,40,0,1.59,70,Medium Stress
5/31/2026 17:52,42.3,1,4.81,97,High Stress
5/31/2026 17:52,37.1,0,0.43,36,Normal
5/31/2026 17:52,36.8,0,0.73,32,Normal
5/31/2026 17:52,43.3,1,3.83,82,High Stress
5/31/2026 17:52,36.6,0,0.22,34,Normal
5/31/2026 17:52,40.2,0,1.46,43,Medium Stress
5/31/2026 17:53,39.7,0,1.33,60,Medium Stress
5/31/2026 17:53,,0,0.92,24,Normal
5/31/2026 17:53,38.8,1,1,51,Medium Stress
5/31/2026 17:53,36.6,0,0.65,24,Normal
5/31/2026 17:53,38.5,0,1.27,50,Medium Stress
5/31/2026 17:53,43.9,1,4.15,80,High Stress
5/31/2026 17:53,38.8,1,1.53,69,Medium Stress
5/31/2026 17:53,34.5,0,0.7,37,Normal
5/31/2026 17:53,39.8,1,1.66,60,Medium Stress
5/31/2026 17:53,40.1,0,1.53,48,Medium Stress
5/31/2026 17:53,35.7,0,0.44,33,Normal
5/31/2026 17:53,47.1,1,4.73,98,High Stress
5/31/2026 17:53,36.6,0,0.48,40,Normal
5/31/2026 17:53,36.8,0,0.91,24,Normal
5/31/2026 17:53,46.1,1,4.85,88,High Stress
5/31/2026 17:53,42.6,1,,73,High Stress
5/31/2026 17:53,37.4,0,0.71,25,Normal
5/31/2026 18:02,44.5,1,4.82,82,High Stress
5/31/2026 18:02,34.2,0,0.29,21,Normal
5/31/2026 18:02,34.8,0,0.92,37,Normal
5/31/2026 18:02,37.8,0,0.69,37,Normal
5/31/2026 18:02,45.5,1,3.4,81,High Stress
5/31/2026 18:02,36.2,0,0.89,21,Normal
5/31/2026 18:02,42.6,1,4.05,100,High Stress
5/31/2026 18:02,40.3,0,1.5,68,Medium Stress
5/31/2026 18:02,34.7,0,0.84,33,Normal
5/31/2026 18:02,36.5,0,0.26,30,Normal
5/31/2026 18:02,45.9,1,4.97,81,High Stress
5/31/2026 18:02,39.1,1,1.59,59,Medium Stress
5/31/2026 18:02,42.4,1,4.44,76,High Stress
5/31/2026 18:02,45,1,4.55,92,High Stress
5/31/2026 18:03,35.7,0,0.63,27,Normal
5/31/2026 18:03,36.2,0,0.65,32,Normal
5/31/2026 18:03,38.7,0,1.17,49,Medium Stress
5/31/2026 18:03,38.8,1,1.55,58,Medium Stress
5/31/2026 18:03,43.1,1,3.47,88,High Stress
5/31/2026 18:03,40.5,0,1.78,48,Medium Stress
5/31/2026 18:03,37.1,0,0.82,24,Normal
5/31/2026 18:03,45.6,1,3.34,86,High Stress
5/31/2026 18:03,35,0,0.41,27,Normal
5/31/2026 18:03,37.7,0,0.96,20,Normal
5/31/2026 18:03,36.6,0,0.73,36,Normal
5/31/2026 18:03,35.6,0,0.39,23,Normal
5/31/2026 18:03,34,0,0.46,39,Normal
5/31/2026 18:03,36.7,0,0.74,39,Normal
5/31/2026 18:03,39.4,0,1.67,48,Medium Stress
5/31/2026 18:03,36.8,0,0.82,35,Normal
5/31/2026 18:03,46.5,1,3.8,97,High Stress
5/31/2026 18:03,44.1,1,3.59,100,High Stress
5/31/2026 18:04,38.8,1,1.32,65,Medium Stress
5/31/2026 18:04,40,1,1.29,68,Medium Stress
5/31/2026 18:04,40.1,1,1.94,43,Medium Stress
,44,1,4.65,75,High Stress
5/31/2026 18:04,45,1,4.71,79,High Stress
5/31/2026 18:04,37.5,0,0.63,24,Normal
5/31/2026 18:04,39.8,0,1.2,56,Medium Stress
,37,0,0.53,35,Normal
5/31/2026 18:04,,0,0.43,35,Normal
5/31/2026 18:04,40,0,1.46,56,Medium Stress
5/31/2026 18:04,42.7,1,3.86,92,High Stress
5/31/2026 18:04,47.5,1,3.43,97,High Stress
5/31/2026 18:04,47.9,1,4.66,75,High Stress
5/31/2026 18:04,47.8,1,3.03,84,High Stress
5/31/2026 18:04,35.8,0,0.82,35,Normal
,34.8,0,0.92,32,Normal
,37.9,0,0.45,21,Normal
5/31/2026 18:04,43.6,1,4.76,98,High Stress
5/31/2026 18:05,38,0,1.39,60,Medium Stress
5/31/2026 18:05,40.7,1,1.1,42,Medium Stress
5/31/2026 18:05,42.6,1,4.82,82,High Stress
5/31/2026 18:05,42.4,1,4.68,85,High Stress
5/31/2026 18:05,36.8,0,0.7,33,Normal
5/31/2026 18:05,47.9,1,4.8,94,High Stress
5/31/2026 18:05,35.6,0,0.83,33,Normal
5/31/2026 18:05,39.4,0,1.53,52,Medium Stress
5/31/2026 18:05,37.3,0,0.24,32,Normal
5/31/2026 18:05,37.5,0,0.34,25,Normal
5/31/2026 18:05,38,1,1.64,67,Medium Stress
,37.2,0,0.61,24,Normal
5/31/2026 18:05,37.3,0,0.57,24,Normal
5/31/2026 18:05,40,1,1.09,52,Medium Stress
5/31/2026 18:05,40.3,0,1.13,54,Medium Stress
5/31/2026 18:05,40.5,1,1.58,65,Medium Stress
5/31/2026 18:05,36.3,0,0.54,38,Normal
5/31/2026 18:05,39.1,1,1.07,47,Medium Stress
5/31/2026 18:05,37,0,0.21,20,Normal
5/31/2026 18:06,40.9,0,1.31,46,Medium Stress
5/31/2026 18:06,39.5,0,1.59,56,Medium Stress
5/31/2026 18:06,,1,1.02,60,Medium Stress
5/31/2026 18:06,47.7,1,3.66,91,High Stress
5/31/2026 18:06,35.9,0,0.98,21,Normal
5/31/2026 18:06,36,0,0.64,36,Normal
5/31/2026 18:06,35.5,0,0.91,32,Normal
5/31/2026 18:06,34.7,0,0.27,32,Normal
5/31/2026 18:06,34.1,0,0.49,24,Normal
5/31/2026 18:06,35.3,0,0.49,40,Normal
5/31/2026 18:06,43.4,1,3.91,100,High Stress
5/31/2026 18:06,38.5,0,1.32,54,Medium Stress
5/31/2026 18:06,46.1,1,3.38,81,High Stress
5/31/2026 18:06,34.2,0,0.84,23,Normal
5/31/2026 18:06,40.8,1,1.07,57,Medium Stress
5/31/2026 18:06,37.4,0,0.65,21,Normal
,40.6,1,1.74,61,Medium Stress
5/31/2026 18:06,36.4,0,0.3,29,Normal
5/31/2026 18:07,40.5,1,1.52,67,Medium Stress
5/31/2026 18:07,38.4,1,1.12,58,Medium Stress
5/31/2026 18:07,39,1,1.52,50,Medium Stress
5/31/2026 18:07,39.7,0,1.54,51,Medium Stress
5/31/2026 18:07,35.7,0,0.52,25,Normal
5/31/2026 18:07,43.1,1,4.13,92,High Stress
5/31/2026 18:07,44.1,1,4.69,75,High Stress
5/31/2026 18:07,47.1,1,,75,High Stress
5/31/2026 18:07,41,0,1.96,47,Medium Stress
5/31/2026 18:49,35.7,0,0.76,25,Normal
5/31/2026 18:49,43.3,1,4.73,91,High Stress
5/31/2026 18:49,35.1,0,0.97,27,Normal
5/31/2026 18:49,37.2,0,0.23,36,Normal
5/31/2026 18:49,40.8,1,1.78,60,Medium Stress
5/31/2026 18:49,34.7,0,0.52,37,Normal
5/31/2026 18:49,39.8,1,1.78,46,Medium Stress
5/31/2026 18:49,37.6,0,0.59,40,Normal
5/31/2026 18:49,47.7,1,4.55,83,High Stress
5/31/2026 18:49,35.2,0,0.61,40,Normal
5/31/2026 18:49,37.7,0,0.79,22,Normal
5/31/2026 18:49,38.5,0,1.98,48,Medium Stress
5/31/2026 18:49,37.5,0,0.86,20,Normal
5/31/2026 18:49,40.7,0,1.01,55,Medium Stress
5/31/2026 18:49,37.5,0,0.46,32,Normal
5/31/2026 18:49,34.9,0,0.36,22,Normal
5/31/2026 18:49,40.4,0,1.07,70,Medium Stress
5/31/2026 18:49,35.2,0,0.22,34,Normal
5/31/2026 18:49,35.4,0,0.56,40,Normal
5/31/2026 18:49,34.1,0,0.6,24,Normal
5/31/2026 18:49,38.5,0,1.2,57,Medium Stress
5/31/2026 18:49,35.4,0,0.85,21,Normal
5/31/2026 18:49,36.9,0,0.89,32,Normal
5/31/2026 18:49,47.8,1,3.08,72,High Stress
5/31/2026 18:50,36.7,0,0.44,33,Normal
5/31/2026 18:50,39.4,1,1.13,56,Medium Stress
5/31/2026 18:50,44.4,1,4.23,99,High Stress
5/31/2026 18:50,35.6,0,0.3,29,Normal
5/31/2026 18:50,43.3,1,3.11,74,High Stress
5/31/2026 18:50,38,0,0.71,32,Normal
5/31/2026 18:50,46.3,1,4.09,100,High Stress
5/31/2026 18:50,34.4,0,0.44,31,Normal
5/31/2026 18:50,37.8,0,0.55,37,Normal
5/31/2026 18:50,45,1,4.79,87,High Stress
5/31/2026 18:50,43.1,1,4.95,88,High Stress
5/31/2026 18:50,45.3,1,3.22,75,High Stress
5/31/2026 18:50,44.6,1,3.65,96,High Stress
5/31/2026 18:50,40.7,1,1.01,56,Medium Stress
5/31/2026 18:51,46,1,3.19,99,High Stress
5/31/2026 18:51,43.1,1,4.93,78,High Stress
5/31/2026 18:51,34.1,0,0.37,35,Normal
5/31/2026 18:51,42.5,1,4.16,89,High Stress
5/31/2026 18:51,47,1,3.51,76,High Stress
5/31/2026 18:51,37.1,0,0.49,39,Normal
5/31/2026 18:51,43.2,1,4.46,76,High Stress
5/31/2026 18:51,34.2,0,0.81,38,Normal
5/31/2026 18:51,40.3,0,1.46,69,Medium Stress
5/31/2026 18:51,35.7,0,0.93,31,Normal
5/31/2026 18:51,42.4,1,4.01,78,High Stress
5/31/2026 18:51,35.2,0,,29,Normal
5/31/2026 18:51,34.4,0,0.61,23,Normal
5/31/2026 18:51,36.3,0,0.38,28,Normal
5/31/2026 18:51,39.1,0,1.75,68,Medium Stress
5/31/2026 18:51,47.2,1,3.06,82,High Stress
5/31/2026 18:51,39.2,1,1.74,53,Medium Stress
5/31/2026 18:52,34.4,0,0.69,30,Normal
5/31/2026 18:52,39.8,1,1.8,62,Medium Stress
5/31/2026 18:52,42.1,1,4.8,89,High Stress
5/31/2026 18:52,43.6,1,4.55,93,High Stress
5/31/2026 18:52,40,0,1.02,42,Medium Stress
5/31/2026 18:52,37.2,0,0.71,32,Normal
5/31/2026 18:52,34.2,0,0.63,37,Normal
5/31/2026 18:52,35.4,0,0.72,23,Normal
5/31/2026 18:52,38.5,0,1.82,54,Medium Stress
5/31/2026 18:52,37.8,0,0.86,39,Normal
5/31/2026 18:52,38.3,1,1.17,68,Medium Stress
5/31/2026 18:52,43.7,1,3.25,92,High Stress
5/31/2026 18:52,47.1,1,3.3,72,High Stress
5/31/2026 18:52,34.8,0,0.4,34,Normal
5/31/2026 18:52,38.1,1,1.19,47,Medium Stress
5/31/2026 18:53,37.7,0,0.74,31,Normal
5/31/2026 18:53,39.6,1,1.55,57,Medium Stress
5/31/2026 18:53,44.4,1,4.91,99,High Stress
5/31/2026 18:53,47.3,1,4.28,83,High Stress
5/31/2026 18:53,47.2,1,4.56,89,High Stress
5/31/2026 18:53,39.5,0,2,67,Medium Stress
5/31/2026 18:53,34.6,0,0.36,22,Normal
5/31/2026 18:53,37,0,0.41,22,Normal
5/31/2026 18:53,39.6,0,1.59,59,Medium Stress
5/31/2026 18:53,47.8,1,4.72,75,High Stress
5/31/2026 18:53,36.8,0,0.75,25,Normal
5/31/2026 18:53,37.3,0,0.35,40,Normal
5/31/2026 18:53,38.2,0,1.48,70,Medium Stress
5/31/2026 18:53,34.4,0,0.84,30,Normal
5/31/2026 18:53,37.8,0,0.92,28,Normal
5/31/2026 18:53,38.6,0,1.11,50,Medium Stress
5/31/2026 18:53,35.9,0,0.43,28,Normal
5/31/2026 18:53,35.7,0,0.24,23,Normal
5/31/2026 18:53,38.8,1,1.29,43,Medium Stress
5/31/2026 18:54,36.8,0,,24,Normal
5/31/2026 18:54,,0,0.9,37,Normal
5/31/2026 18:54,45.2,1,3.8,83,High Stress
5/31/2026 18:54,35.5,0,0.95,38,Normal
5/31/2026 18:54,35.2,0,0.74,32,Normal
5/31/2026 18:54,47,1,4.85,79,High Stress
5/31/2026 18:54,45.9,1,4.19,75,High Stress
5/31/2026 18:54,36.7,0,0.51,25,Normal
5/31/2026 18:54,34.8,0,0.45,29,Normal
5/31/2026 18:54,45.5,1,3.5,82,High Stress
5/31/2026 18:54,44.8,1,3.37,82,High Stress
5/31/2026 18:54,37.5,0,0.5,30,Normal
5/31/2026 18:54,44,1,3.38,89,High Stress
5/31/2026 18:54,40.3,0,1.73,60,Medium Stress
5/31/2026 18:54,42.3,1,3.04,91,High Stress
5/31/2026 18:54,44.2,1,3.92,78,High Stress
5/31/2026 18:54,,1,1.98,43,Medium Stress
5/31/2026 18:54,34.8,0,0.95,21,Normal
5/31/2026 18:55,38.2,0,1.25,49,Medium Stress
5/31/2026 18:55,35,0,0.79,27,Normal
5/31/2026 18:55,40.3,1,1.8,43,Medium Stress
5/31/2026 18:55,38,0,0.8,34,Normal
5/31/2026 18:55,34.5,0,0.91,29,Normal
5/31/2026 18:55,41,1,1.02,70,Medium Stress
5/31/2026 18:55,47.3,1,4.64,92,High Stress
5/31/2026 18:55,40.9,0,1.85,44,Medium Stress
5/31/2026 18:55,34.8,0,0.93,32,Normal
5/31/2026 18:55,34.3,0,0.23,35,Normal
5/31/2026 18:55,40.6,0,1.23,44,Medium Stress
5/31/2026 18:55,40.4,0,1.66,59,Medium Stress
5/31/2026 18:55,34.2,0,0.78,26,Normal
5/31/2026 18:55,36.6,0,0.94,35,Normal
5/31/2026 18:55,43.6,1,3.06,77,High Stress
5/31/2026 18:55,37.2,0,0.78,22,Normal
5/31/2026 18:55,40.7,1,1.72,49,Medium Stress
5/31/2026 18:56,40.7,1,1.84,60,Medium Stress
5/31/2026 18:56,43.6,1,3.39,100,High Stress
5/31/2026 18:56,38.7,0,1.9,44,Medium Stress
5/31/2026 18:56,39.8,0,1.31,67,Medium Stress
5/31/2026 18:56,39.2,0,1.66,45,Medium Stress
5/31/2026 18:56,46.6,1,3.74,73,High Stress
5/31/2026 18:56,40.5,0,1.27,62,Medium Stress
5/31/2026 18:56,38.4,0,1.23,50,Medium Stress
5/31/2026 18:56,39.4,0,1.15,65,Medium Stress
5/31/2026 18:56,42.9,1,3.91,81,High Stress
5/31/2026 18:56,38.6,1,1.21,58,Medium Stress
5/31/2026 18:56,35.7,0,0.88,39,Normal
5/31/2026 18:56,47.5,1,3.94,88,High Stress
5/31/2026 18:56,37.4,0,0.31,26,Normal
5/31/2026 18:56,35.4,0,0.22,32,Normal
,44.4,1,3.31,89,High Stress
5/31/2026 18:56,43.1,1,4.85,93,High Stress
5/31/2026 18:56,34.2,0,0.64,21,Normal
5/31/2026 18:56,34.2,0,0.87,34,Normal
5/31/2026 18:57,42.1,1,3.22,84,High Stress
5/31/2026 18:57,39.6,1,,45,Medium Stress
5/31/2026 18:57,35,0,0.41,36,Normal
5/31/2026 18:57,35.5,0,0.56,24,Normal
5/31/2026 18:57,34.9,0,,27,Normal
5/31/2026 18:57,40.3,1,1.45,53,Medium Stress
5/31/2026 18:57,40.9,0,1.77,51,Medium Stress
5/31/2026 18:57,37.9,0,0.3,24,Normal
5/31/2026 18:57,39.9,1,1.76,67,Medium Stress
5/31/2026 18:57,43.2,1,3.73,73,High Stress
,39.3,0,1.13,63,Medium Stress
5/31/2026 18:57,47.6,1,4.92,84,High Stress
5/31/2026 18:57,34.9,0,0.75,37,Normal
5/31/2026 18:57,36,0,0.4,31,Normal
5/31/2026 18:57,35.9,0,0.46,29,Normal
5/31/2026 18:57,37.2,0,0.96,22,Normal
5/31/2026 18:57,36.5,0,0.95,39,Normal
5/31/2026 18:58,43.7,1,4.7,75,High Stress
5/31/2026 18:58,38.8,0,1.07,61,Medium Stress
5/31/2026 18:58,41,0,1.7,65,Medium Stress
,37.9,0,0.88,33,Normal
5/31/2026 18:58,35.2,0,0.88,23,Normal
5/31/2026 18:58,35.9,0,0.56,22,Normal
5/31/2026 18:58,45.1,1,4.91,72,High Stress
5/31/2026 18:58,34.1,0,0.71,33,Normal
5/31/2026 18:58,37.7,0,0.58,37,Normal
5/31/2026 18:58,45.2,1,4.69,88,High Stress
5/31/2026 18:58,34.1,0,0.97,21,Normal
5/31/2026 18:58,44.8,1,3.75,86,High Stress
5/31/2026 18:58,38.8,0,1.67,63,Medium Stress
5/31/2026 18:58,40.6,1,1.9,42,Medium Stress
5/31/2026 18:58,38.4,0,1.89,45,Medium Stress
5/31/2026 18:58,40.7,1,1.14,52,Medium Stress
5/31/2026 18:58,40.6,1,1.61,53,Medium Stress
5/31/2026 18:59,44.8,1,4.82,88,High Stress
5/31/2026 18:59,39.9,0,1.33,62,Medium Stress
5/31/2026 18:59,39.3,1,1.25,55,Medium Stress
5/31/2026 18:59,40.5,0,1.83,67,Medium Stress
5/31/2026 18:59,34.6,0,0.5,22,Normal
5/31/2026 18:59,,0,0.65,34,Normal
5/31/2026 18:59,39.7,1,1.45,45,Medium Stress
5/31/2026 18:59,40.2,0,1.59,53,Medium Stress
5/31/2026 18:59,44,1,3.66,71,High Stress
5/31/2026 18:59,35.4,0,0.58,33,Normal
5/31/2026 18:59,47.1,1,4.88,82,High Stress
5/31/2026 18:59,38.1,1,1.11,64,Medium Stress
5/31/2026 18:59,34.6,0,0.95,38,Normal
5/31/2026 18:59,39.5,0,1.92,45,Medium Stress
5/31/2026 18:59,36,0,0.65,35,Normal
5/31/2026 18:59,44.1,1,4.56,91,High Stress
5/31/2026 18:59,37.5,0,0.27,24,Normal
5/31/2026 18:59,37.6,0,0.41,38,Normal
5/31/2026 19:00,34.3,0,0.9,31,Normal
5/31/2026 19:00,38.2,1,1.63,53,Medium Stress
5/31/2026 19:00,40.2,0,1.06,66,Medium Stress
5/31/2026 19:00,40.3,0,1.94,44,Medium Stress
5/31/2026 19:00,36,0,0.51,37,Normal
5/31/2026 19:00,38.9,0,1.95,43,Medium Stress
5/31/2026 19:00,47.1,1,3.06,82,High Stress
5/31/2026 19:00,34.7,0,0.4,35,Normal
5/31/2026 19:00,35,0,0.91,23,Normal
5/31/2026 19:00,44.2,1,4.02,82,High Stress
5/31/2026 19:00,38.6,1,1.93,70,Medium Stress
5/31/2026 17:44,43.9,1,3.71,76,High Stress
5/31/2026 17:44,35.1,0,0.81,22,Normal
5/31/2026 17:44,38.1,1,1.13,52,Medium Stress
5/31/2026 17:45,36.3,0,0.73,40,Normal
5/31/2026 17:45,37.5,0,0.59,36,Normal
5/31/2026 17:45,45.6,1,4.24,97,High Stress
5/31/2026 17:45,35.7,0,0.97,32,Normal
5/31/2026 17:45,40.2,0,1.97,62,Medium Stress
5/31/2026 17:45,38,0,0.5,29,Normal
5/31/2026 17:45,36.5,0,0.24,26,Normal
5/31/2026 17:45,34.5,0,0.91,37,Normal
5/31/2026 17:45,40.4,0,1.61,62,Medium Stress
5/31/2026 17:45,35,0,0.53,27,Normal
5/31/2026 17:45,47,1,3.29,89,High Stress
5/31/2026 17:45,39.5,0,1.69,46,Medium Stress
5/31/2026 17:45,34.2,0,0.63,30,Normal
5/31/2026 17:45,44,1,3.43,100,High Stress
5/31/2026 17:45,38,0,0.4,29,Normal
5/31/2026 17:45,46.8,1,3.05,80,High Stress
,37.1,0,0.42,24,Normal
5/31/2026 17:45,38.7,0,1.15,52,Medium Stress
5/31/2026 17:45,36.9,0,0.35,32,Normal
5/31/2026 17:46,34.2,0,0.84,22,Normal
5/31/2026 17:46,37.4,0,0.2,36,Normal
5/31/2026 17:46,42.8,1,4.63,78,High Stress
5/31/2026 17:46,38.9,1,1.67,59,Medium Stress
5/31/2026 17:46,44.8,1,4.05,94,High Stress
5/31/2026 17:46,37,0,0.54,30,Normal
5/31/2026 17:46,38.9,0,1.85,43,Medium Stress
5/31/2026 17:46,35.6,0,0.6,36,Normal
5/31/2026 17:46,44.3,1,4.27,95,High Stress
5/31/2026 17:46,36.4,0,0.88,30,Normal
,36.5,0,0.82,22,Normal
5/31/2026 17:46,35.3,0,0.52,26,Normal
5/31/2026 17:46,35.4,0,0.53,28,Normal
5/31/2026 17:46,47.2,1,4.02,81,High Stress
5/31/2026 17:46,36.1,0,0.67,33,Normal
5/31/2026 17:46,38.1,1,1.27,51,Medium Stress
5/31/2026 17:46,34.7,0,0.42,31,Normal
5/31/2026 17:46,39.7,0,1.56,66,Medium Stress
5/31/2026 17:47,45.6,1,4.42,84,High Stress
5/31/2026 17:47,40.4,0,1.36,53,Medium Stress
5/31/2026 17:47,46.2,1,4.01,91,High Stress
5/31/2026 17:47,38,1,1.39,49,Medium Stress
5/31/2026 17:47,38.5,1,1.99,56,Medium Stress
5/31/2026 17:47,38,0,0.71,26,Normal
5/31/2026 17:47,38.6,0,1.99,69,Medium Stress
5/31/2026 17:47,34.2,0,0.9,29,Normal
5/31/2026 17:47,38,0,0.22,40,Normal
5/31/2026 17:47,35.3,0,0.53,40,Normal
5/31/2026 17:47,37.2,0,0.23,26,Normal
5/31/2026 17:47,36.1,0,0.41,28,Normal
5/31/2026 17:47,44.7,1,4.91,99,High Stress
5/31/2026 17:47,37.6,0,0.94,27,Normal
5/31/2026 17:47,44.3,1,4.67,78,High Stress
5/31/2026 17:47,36.3,0,0.85,29,Normal
5/31/2026 17:47,37.4,0,0.49,31,Normal
5/31/2026 17:47,36.7,0,0.73,24,Normal
5/31/2026 17:48,43.4,1,4.41,74,High Stress
5/31/2026 17:48,44.8,1,3.47,100,High Stress
5/31/2026 17:48,46.7,1,4.15,82,High Stress
5/31/2026 17:48,37.4,0,0.81,31,Normal
5/31/2026 17:48,35.3,0,0.84,24,Normal
5/31/2026 17:48,45.4,1,4.79,98,High Stress
5/31/2026 17:48,42.5,1,4.96,94,High Stress
5/31/2026 17:48,38.1,1,1.54,50,Medium Stress
5/31/2026 17:48,40.8,1,1.89,57,Medium Stress
5/31/2026 17:48,37.7,0,0.62,22,Normal
5/31/2026 17:48,38,0,0.92,22,Normal
5/31/2026 17:48,34.6,0,0.44,26,Normal
5/31/2026 17:48,36.6,0,0.64,34,Normal
5/31/2026 17:48,46.1,1,3.67,98,High Stress
5/31/2026 17:48,36.3,0,0.52,25,Normal
5/31/2026 17:48,39.5,1,1.78,70,Medium Stress
5/31/2026 17:48,45.4,1,3.9,97,High Stress
5/31/2026 17:48,40.7,1,1.97,58,Medium Stress
5/31/2026 17:49,44.9,1,4.71,98,High Stress
5/31/2026 17:49,47,1,4.86,94,High Stress
5/31/2026 17:49,43.5,1,4.99,74,High Stress
5/31/2026 17:49,39.4,0,1.53,68,Medium Stress
5/31/2026 17:49,40.2,1,1.3,53,Medium Stress
5/31/2026 17:49,40.8,1,1.91,56,Medium Stress
5/31/2026 17:49,37.7,0,0.94,26,Normal
5/31/2026 17:49,47.2,1,4.5,98,High Stress
5/31/2026 17:49,36.6,0,0.83,24,Normal
5/31/2026 17:49,35.6,0,0.36,35,Normal
5/31/2026 17:49,43.7,1,3.34,83,High Stress
5/31/2026 17:49,40.4,1,1.51,55,Medium Stress
5/31/2026 17:49,45.2,1,3.9,91,High Stress
5/31/2026 17:49,45.2,1,3.59,87,High Stress
5/31/2026 17:49,35,0,0.63,24,Normal
5/31/2026 17:49,38.9,1,1.33,67,Medium Stress
5/31/2026 17:49,,0,1.49,62,Medium Stress
5/31/2026 17:50,38.3,1,1.2,55,Medium Stress
5/31/2026 17:50,46.8,1,4.91,79,High Stress
5/31/2026 17:50,38.5,1,1.96,54,Medium Stress
5/31/2026 17:50,43,1,3.92,90,High Stress
5/31/2026 17:50,36.3,0,0.67,26,Normal
5/31/2026 17:50,42,1,4.46,74,High Stress
5/31/2026 17:50,45.3,1,4.26,98,High Stress
5/31/2026 17:50,38.6,0,1.05,66,Medium Stress
5/31/2026 17:50,40.3,0,1.53,43,Medium Stress
5/31/2026 17:50,36.6,0,0.32,38,Normal
5/31/2026 17:50,45.5,1,4.95,93,High Stress
5/31/2026 17:50,34.3,0,0.39,28,Normal
5/31/2026 17:50,39.5,0,1,67,Medium Stress
5/31/2026 17:50,35.6,0,0.51,35,Normal
5/31/2026 17:50,42.1,1,3.36,95,High Stress
5/31/2026 17:50,42.8,1,4.12,83,High Stress
5/31/2026 17:51,37.4,0,0.82,26,Normal
5/31/2026 17:51,38.5,1,1.93,47,Medium Stress
5/31/2026 17:51,34.4,0,0.37,24,Normal
5/31/2026 17:51,47.1,1,3.03,90,High Stress
5/31/2026 17:51,34.4,0,0.29,35,Normal
5/31/2026 17:51,46.8,1,3.24,81,High Stress
5/31/2026 17:51,43.6,1,3.98,85,High Stress
5/31/2026 17:51,39.4,0,1.35,64,Medium Stress
5/31/2026 17:51,44.4,1,3.75,97,High Stress
5/31/2026 17:51,40.9,1,1.48,48,Medium Stress
5/31/2026 17:51,35.3,0,0.56,28,Normal
5/31/2026 17:51,36.8,0,0.22,35,Normal
5/31/2026 17:51,36.7,0,0.77,39,Normal
5/31/2026 17:51,45.3,1,3.73,94,High Stress
5/31/2026 17:51,36.1,0,0.92,25,Normal
,37.3,0,0.54,27,Normal
5/31/2026 17:51,39.7,1,1.03,47,Medium Stress
5/31/2026 17:52,40.4,0,1.86,56,Medium Stress
5/31/2026 17:52,37.8,0,0.29,32,Normal
5/31/2026 17:52,36.7,0,0.47,38,Normal
5/31/2026 17:52,35.1,0,0.82,38,Normal
5/31/2026 17:52,39.9,1,1.59,63,Medium Stress
5/31/2026 17:52,34.1,0,0.57,20,Normal
5/31/2026 17:52,39.3,1,1.07,49,Medium Stress
5/31/2026 17:52,43.8,1,3.44,94,High Stress
5/31/2026 17:52,48,1,4.43,72,High Stress
5/31/2026 17:52,39.8,1,1.65,57,Medium Stress
5/31/2026 17:52,43.8,1,4.04,99,High Stress
5/31/2026 17:52,39.1,1,1.56,55,Medium Stress
5/31/2026 17:52,36,0,0.49,27,Normal
5/31/2026 17:52,45.2,1,4.84,74,High Stress
5/31/2026 17:52,,1,1.29,48,Medium Stress
5/31/2026 17:52,35.9,0,0.47,39,Normal
5/31/2026 17:52,38.7,0,1.04,49,Medium Stress
5/31/2026 17:52,45.8,1,3.58,98,High Stress
5/31/2026 17:53,42.1,1,3.69,74,High Stress
5/31/2026 17:53,40.4,0,,59,Medium Stress
5/31/2026 17:53,46.5,1,3.36,93,High Stress
5/31/2026 17:53,39.9,1,1.33,54,Medium Stress
5/31/2026 17:53,,1,3.2,72,High Stress
5/31/2026 17:53,37.8,0,0.8,35,Normal
5/31/2026 17:53,39.8,1,1.44,61,Medium Stress
5/31/2026 17:53,45.4,1,3.14,99,High Stress
5/31/2026 17:53,46.5,1,3.48,91,High Stress
5/31/2026 17:53,37.8,0,0.76,40,Normal
5/31/2026 17:53,36.2,0,0.51,26,Normal
5/31/2026 17:53,47,1,3.74,76,High Stress
5/31/2026 17:53,34.9,0,0.26,36,Normal
5/31/2026 17:53,38.6,1,1.98,52,Medium Stress
5/31/2026 17:53,35.5,0,0.94,20,Normal
5/31/2026 17:53,40.3,1,1.81,52,Medium Stress
5/31/2026 17:53,40.2,1,1.96,49,Medium Stress
5/31/2026 17:54,42.3,1,4.37,90,High Stress
5/31/2026 18:02,47.1,1,4.01,74,High Stress
5/31/2026 18:02,39.5,1,1.48,61,Medium Stress
5/31/2026 18:02,45.7,1,4.99,98,High Stress
5/31/2026 18:02,42.9,1,4.32,77,High Stress
5/31/2026 18:02,37,0,0.49,24,Normal
5/31/2026 18:02,39.7,1,,49,Medium Stress
5/31/2026 18:02,38.6,0,1.57,49,Medium Stress
5/31/2026 18:02,39.1,0,1.85,59,Medium Stress
5/31/2026 18:02,35.8,0,0.47,38,Normal
5/31/2026 18:02,45.9,1,4.3,96,High Stress
5/31/2026 18:02,37.3,0,0.97,30,Normal
5/31/2026 18:02,,0,1.58,62,Medium Stress
5/31/2026 18:02,42.3,1,3.75,81,High Stress
5/31/2026 18:03,37,0,0.95,20,Normal
5/31/2026 18:03,36.8,0,0.26,29,Normal
5/31/2026 18:03,36.9,0,0.75,23,Normal
5/31/2026 18:03,47,1,3.19,98,High Stress
5/31/2026 18:03,34.9,0,0.23,26,Normal
5/31/2026 18:03,35.8,0,0.75,35,Normal
5/31/2026 18:03,38.1,0,1.06,65,Medium Stress
5/31/2026 18:03,39.6,1,1.37,63,Medium Stress
5/31/2026 18:03,38.1,0,1.74,47,Medium Stress
5/31/2026 18:03,36.7,0,0.28,22,Normal
5/31/2026 18:03,39.4,1,1.4,60,Medium Stress
5/31/2026 18:03,40.7,1,1.39,49,Medium Stress
5/31/2026 18:03,34.8,0,0.67,33,Normal
5/31/2026 18:03,39.5,1,1.03,51,Medium Stress
5/31/2026 18:03,37.1,0,0.81,22,Normal
5/31/2026 18:03,36.1,0,0.57,30,Normal
5/31/2026 18:03,42.7,1,3.41,97,High Stress
5/31/2026 18:03,46.9,1,3.5,81,High Stress
5/31/2026 18:04,38,0,1.52,70,Medium Stress
5/31/2026 18:04,39.8,0,1.94,63,Medium Stress
5/31/2026 18:04,36,0,0.89,29,Normal
5/31/2026 18:04,43.9,1,4.85,91,High Stress
5/31/2026 18:04,,1,3.23,100,High Stress
5/31/2026 18:04,45.3,1,3.27,82,High Stress
5/31/2026 18:04,39.8,0,1.84,54,Medium Stress
5/31/2026 18:04,35.3,0,0.81,26,Normal
5/31/2026 18:04,34.7,0,0.65,25,Normal
5/31/2026 18:04,37.7,0,0.49,20,Normal
5/31/2026 18:04,40.8,1,1.21,58,Medium Stress
5/31/2026 18:04,46.6,1,4.89,89,High Stress
5/31/2026 18:04,35.2,0,0.72,28,Normal
5/31/2026 18:04,37.2,0,0.5,28,Normal
5/31/2026 18:04,36.9,0,0.64,32,Normal
5/31/2026 18:04,36.1,0,0.61,27,Normal
5/31/2026 18:04,42.7,1,3.61,80,High Stress
5/31/2026 18:04,44,1,3.93,91,High Stress
5/31/2026 18:05,34.9,0,,23,Normal
5/31/2026 18:05,37.4,0,0.33,27,Normal
5/31/2026 18:05,47.3,1,3.79,88,High Stress
5/31/2026 18:05,47.8,1,3.65,82,High Stress
5/31/2026 18:05,43.6,1,3.36,97,High Stress
5/31/2026 18:05,41,0,1.17,50,Medium Stress
5/31/2026 18:05,37.5,0,,20,Normal
5/31/2026 18:05,37.2,0,0.96,35,Normal
5/31/2026 18:05,38.9,0,2,68,Medium Stress
5/31/2026 18:05,,0,0.48,31,Normal
5/31/2026 18:05,36.8,0,0.96,37,Normal
5/31/2026 18:05,38.8,0,1.33,68,Medium Stress
,35,0,0.32,36,Normal
5/31/2026 18:05,37.3,0,0.86,27,Normal
5/31/2026 18:05,47.8,1,3.4,99,High Stress
5/31/2026 18:05,38.4,1,1.85,57,Medium Stress
5/31/2026 18:05,35.5,0,0.49,29,Normal
5/31/2026 18:05,36.4,0,0.27,35,Normal
5/31/2026 18:05,37.2,0,0.8,35,Normal
,37.1,0,,32,Normal
5/31/2026 18:06,36.6,0,0.68,40,Normal
5/31/2026 18:06,46.7,1,4.51,89,High Stress
5/31/2026 18:06,39.6,0,1.93,49,Medium Stress
5/31/2026 18:06,34.4,0,0.76,27,Normal
5/31/2026 18:06,38.4,1,1.16,41,Medium Stress
5/31/2026 18:06,,1,1.51,45,Medium Stress
5/31/2026 18:06,43.5,1,3.3,76,High Stress
5/31/2026 18:06,40.7,1,1.18,55,Medium Stress
5/31/2026 18:06,43.4,1,4.98,100,High Stress
5/31/2026 18:06,43.1,1,4.71,71,High Stress
5/31/2026 18:06,40.2,1,1.66,70,Medium Stress
5/31/2026 18:06,44.4,1,4.51,100,High Stress
,44.2,1,3.2,74,High Stress
5/31/2026 18:06,36.8,0,0.52,32,Normal
5/31/2026 18:06,36.6,0,0.44,25,Normal
5/31/2026 18:06,40,0,1.25,67,Medium Stress
5/31/2026 18:06,45.5,1,4.89,97,High Stress
5/31/2026 18:06,40.5,0,1.78,66,Medium Stress
5/31/2026 18:07,39.1,1,1.91,55,Medium Stress
5/31/2026 18:07,38.6,1,1.69,47,Medium Stress
5/31/2026 18:07,43.1,1,3.97,77,High Stress
5/31/2026 18:07,40.5,0,1.24,59,Medium Stress
5/31/2026 18:07,39,0,1.95,50,Medium Stress
5/31/2026 18:07,45.6,1,4.77,85,High Stress
5/31/2026 18:07,37.5,0,0.37,20,Normal
5/31/2026 18:07,35.6,0,0.29,23,Normal
5/31/2026 18:07,34.1,0,0.63,38,Normal
5/31/2026 18:50,36.8,0,0.82,25,Normal
5/31/2026 18:50,45.1,1,3.11,91,High Stress
5/31/2026 18:50,43.9,1,3.75,99,High Stress
5/31/2026 18:50,39.3,1,1.26,68,Medium Stress
5/31/2026 18:50,37.8,0,0.94,21,Normal
5/31/2026 18:50,34,0,0.83,28,Normal
5/31/2026 18:50,44.7,1,4.67,71,High Stress
,38.7,1,1.59,47,Medium Stress
5/31/2026 18:50,45.4,1,3.78,96,High Stress
5/31/2026 18:50,40,1,1.69,64,Medium Stress
5/31/2026 18:50,36.5,0,0.63,33,Normal
5/31/2026 18:50,46.7,1,3.29,84,High Stress
5/31/2026 18:50,44.6,1,3.62,76,High Stress
,34.8,0,0.25,40,Normal
5/31/2026 18:50,36,0,0.83,25,Normal
5/31/2026 18:50,38,0,0.47,27,Normal
5/31/2026 18:50,45,1,4.51,98,High Stress
5/31/2026 18:50,39.2,1,1.09,51,Medium Stress
5/31/2026 18:50,40.9,1,1.16,48,Medium Stress
5/31/2026 18:50,37.9,0,0.24,38,Normal
,45.8,1,3.71,94,High Stress
5/31/2026 18:50,37.3,0,0.52,20,Normal
5/31/2026 18:50,39.9,1,1.93,68,Medium Stress
5/31/2026 18:50,37.6,0,0.36,21,Normal
5/31/2026 18:50,44.9,1,4.98,79,High Stress
5/31/2026 18:50,46,1,4.34,72,High Stress
5/31/2026 18:50,39.9,1,1.83,60,Medium Stress
5/31/2026 18:50,34,0,0.62,34,Normal
5/31/2026 18:50,43.9,1,3.83,99,High Stress
5/31/2026 18:50,34.6,0,0.83,22,Normal
5/31/2026 18:50,38.9,0,1.18,64,Medium Stress
5/31/2026 18:50,37.3,0,0.29,38,Normal
5/31/2026 18:50,,0,0.87,23,Normal
5/31/2026 18:50,40,1,1.91,67,Medium Stress
5/31/2026 18:50,39.4,0,1.05,62,Medium Stress
5/31/2026 18:50,35,0,0.42,30,Normal
5/31/2026 18:50,44.6,1,3.23,100,High Stress
5/31/2026 18:51,,1,1.81,69,Medium Stress
5/31/2026 18:51,36.1,0,0.76,27,Normal
5/31/2026 18:51,42.5,1,4.74,90,High Stress
,47.1,1,4.35,99,High Stress
5/31/2026 18:51,47.1,1,3.98,76,High Stress
5/31/2026 18:51,44.2,1,3.95,77,High Stress
5/31/2026 18:51,39.5,1,1.84,44,Medium Stress
5/31/2026 18:51,38.3,0,1.59,67,Medium Stress
5/31/2026 18:51,38.3,1,1.41,48,Medium Stress
5/31/2026 18:51,34.3,0,0.53,37,Normal
5/31/2026 18:51,34,0,0.71,36,Normal
5/31/2026 18:51,35.1,0,0.6,35,Normal
5/31/2026 18:51,39.2,1,1.75,66,Medium Stress
5/31/2026 18:51,34.1,0,0.49,37,Normal
5/31/2026 18:51,37.4,0,0.42,33,Normal
5/31/2026 18:51,42.6,1,,87,High Stress
5/31/2026 18:51,34.7,0,0.62,25,Normal
,39.7,0,1.53,52,Medium Stress
5/31/2026 18:52,36.2,0,0.4,34,Normal
5/31/2026 18:52,34.5,0,0.33,35,Normal
5/31/2026 18:52,38,0,0.28,27,Normal
5/31/2026 18:52,38,1,1.06,65,Medium Stress
5/31/2026 18:52,35.5,0,0.56,35,Normal
5/31/2026 18:52,34.2,0,0.62,28,Normal
5/31/2026 18:52,46.5,1,4.35,84,High Stress
5/31/2026 18:52,35.6,0,0.52,39,Normal
5/31/2026 18:52,36.6,0,0.29,28,Normal
5/31/2026 18:52,45.7,1,3.81,86,High Stress
5/31/2026 18:52,43.7,1,3.62,73,High Stress
5/31/2026 18:52,39.5,0,1.39,63,Medium Stress
5/31/2026 18:52,38.6,0,,43,Medium Stress
5/31/2026 18:52,38.1,1,1.89,65,Medium Stress
5/31/2026 18:53,38.4,1,1.07,56,Medium Stress
5/31/2026 18:53,34.6,0,0.4,30,Normal
5/31/2026 18:53,47.8,1,3.92,86,High Stress
5/31/2026 18:53,40,0,1.97,42,Medium Stress
5/31/2026 18:53,36.6,0,0.9,32,Normal
5/31/2026 18:53,39.8,0,1.3,51,Medium Stress
5/31/2026 18:53,36.6,0,0.48,31,Normal
5/31/2026 18:53,37.4,0,0.64,29,Normal
5/31/2026 18:53,,1,3.03,72,High Stress
5/31/2026 18:53,39.6,1,1.65,43,Medium Stress
5/31/2026 18:53,39,0,1.8,53,Medium Stress
5/31/2026 18:53,35.7,0,0.93,22,Normal
5/31/2026 18:53,34.9,0,0.37,35,Normal
5/31/2026 18:53,45.7,1,4.85,91,High Stress
5/31/2026 18:53,39,0,1.3,62,Medium Stress
5/31/2026 18:53,44,1,3.17,99,High Stress
5/31/2026 18:53,34.5,0,0.43,31,Normal
5/31/2026 18:53,,0,0.89,21,Normal
5/31/2026 18:53,40.8,0,1.29,70,Medium Stress
5/31/2026 18:54,,0,1.17,64,Medium Stress
5/31/2026 18:54,38.5,0,1.94,54,Medium Stress
5/31/2026 18:54,42.1,1,3.43,85,High Stress
5/31/2026 18:54,35.3,0,0.79,35,Normal
5/31/2026 18:54,34.5,0,0.71,36,Normal
5/31/2026 18:54,43,1,3.98,73,High Stress
5/31/2026 18:54,47.5,1,4.08,72,High Stress
5/31/2026 18:54,46.6,1,4.42,77,High Stress
5/31/2026 18:54,37.9,0,0.36,39,Normal
5/31/2026 18:54,37,0,0.72,39,Normal
5/31/2026 18:54,36.1,0,0.94,35,Normal
5/31/2026 18:54,46.2,1,4.2,75,High Stress
5/31/2026 18:54,46.1,1,3.55,92,High Stress
5/31/2026 18:54,45,1,3.14,93,High Stress
5/31/2026 18:54,35.4,0,0.89,36,Normal
5/31/2026 18:54,,0,0.61,33,Normal
5/31/2026 18:54,46.6,1,3.25,73,High Stress
5/31/2026 18:54,38.9,0,1.23,44,Medium Stress
5/31/2026 18:55,34.8,0,0.9,33,Normal
5/31/2026 18:55,43.7,1,3.41,71,High Stress
5/31/2026 18:55,43.2,1,3.98,82,High Stress
5/31/2026 18:55,40.4,1,1.93,50,Medium Stress
5/31/2026 18:55,40.2,1,1.15,60,Medium Stress
5/31/2026 18:55,37.3,0,0.89,30,Normal
5/31/2026 18:55,35.3,0,0.6,37,Normal
5/31/2026 18:55,34.4,0,0.32,24,Normal
5/31/2026 18:55,34.3,0,0.54,26,Normal
5/31/2026 18:55,37.1,0,0.96,23,Normal
5/31/2026 18:55,34.9,0,0.76,30,Normal
5/31/2026 18:55,44.6,1,4.52,76,High Stress
5/31/2026 18:55,46.8,1,4.34,89,High Stress
5/31/2026 18:55,35.7,0,0.71,40,Normal
5/31/2026 18:55,40.8,0,1.36,53,Medium Stress
5/31/2026 18:55,37.4,0,0.23,30,Normal
5/31/2026 18:55,36.6,0,0.62,21,Normal
5/31/2026 18:56,36.4,0,0.56,22,Normal
5/31/2026 18:56,40.2,0,1.04,50,Medium Stress
5/31/2026 18:56,40.3,0,1.93,67,Medium Stress
5/31/2026 18:56,39.1,1,1.27,70,Medium Stress
5/31/2026 18:56,34.3,0,0.82,22,Normal
5/31/2026 18:56,40.6,1,,70,Medium Stress
5/31/2026 18:56,43,1,3.83,78,High Stress
5/31/2026 18:56,34.9,0,0.99,32,Normal
5/31/2026 18:56,34.2,0,0.48,33,Normal
5/31/2026 18:56,40.8,1,1.88,45,Medium Stress
5/31/2026 18:56,37.5,0,0.93,23,Normal
5/31/2026 18:56,39.5,0,1.39,66,Medium Stress
5/31/2026 18:56,40.7,0,1.72,62,Medium Stress
5/31/2026 18:56,38.8,1,1.72,66,Medium Stress
5/31/2026 18:56,38.4,0,1.78,41,Medium Stress
5/31/2026 18:56,38,0,1.95,67,Medium Stress
5/31/2026 18:56,34.6,0,0.37,37,Normal
5/31/2026 18:56,47.8,1,3.88,94,High Stress
5/31/2026 18:56,44.3,1,3.54,84,High Stress
5/31/2026 18:57,34.1,0,0.22,32,Normal
5/31/2026 18:57,37.3,0,0.25,26,Normal
5/31/2026 18:57,44.2,1,3.37,90,High Stress
5/31/2026 18:57,45.3,1,3.66,85,High Stress
5/31/2026 18:57,,0,0.42,25,Normal
5/31/2026 18:57,46.9,1,5,75,High Stress
5/31/2026 18:57,37.2,0,0.2,38,Normal
5/31/2026 18:57,36.5,0,0.34,29,Normal
5/31/2026 18:57,37.8,0,0.31,21,Normal
5/31/2026 18:57,35.9,0,0.85,39,Normal
5/31/2026 18:57,39.7,1,1.07,49,Medium Stress
5/31/2026 18:57,41,1,1.2,43,Medium Stress
5/31/2026 18:57,35,0,0.46,20,Normal
5/31/2026 18:57,43.6,1,3.9,97,High Stress
5/31/2026 18:57,40.3,0,1.05,66,Medium Stress
5/31/2026 18:57,35.4,0,0.71,28,Normal
5/31/2026 18:57,34,0,0.91,36,Normal
5/31/2026 18:57,35.3,0,0.3,25,Normal
5/31/2026 18:58,43.4,1,3.57,72,High Stress
5/31/2026 18:58,43.2,1,3.14,87,High Stress
5/31/2026 18:58,38.6,1,1.42,53,Medium Stress
5/31/2026 18:58,39,0,1.86,57,Medium Stress
5/31/2026 18:58,43.5,1,4.95,81,High Stress
5/31/2026 18:58,36.3,0,0.71,40,Normal
5/31/2026 18:58,36.7,0,0.82,22,Normal
5/31/2026 18:58,46.9,1,4.35,83,High Stress
5/31/2026 18:58,34.3,0,0.59,28,Normal
5/31/2026 18:58,39.4,0,1.49,61,Medium Stress
5/31/2026 18:58,39.5,1,1.52,63,Medium Stress
5/31/2026 18:58,39.9,0,1.94,63,Medium Stress
5/31/2026 18:58,44.8,1,3.34,75,High Stress
5/31/2026 18:58,36.1,0,0.25,36,Normal
5/31/2026 18:58,35.2,0,0.21,39,Normal
5/31/2026 18:58,35.4,0,0.37,25,Normal
5/31/2026 18:58,39.8,1,1.23,45,Medium Stress
5/31/2026 18:59,47.9,1,4.1,74,High Stress
5/31/2026 18:59,47.8,1,4.78,78,High Stress
5/31/2026 18:59,34.7,0,0.25,40,Normal
5/31/2026 18:59,40.7,0,1.79,69,Medium Stress
5/31/2026 18:59,40.4,0,1.56,60,Medium Stress
5/31/2026 18:59,39.6,0,1.64,41,Medium Stress
5/31/2026 18:59,37.3,0,0.61,28,Normal
5/31/2026 18:59,38.2,0,,58,Medium Stress
5/31/2026 18:59,45.2,1,4.79,75,High Stress
5/31/2026 18:59,40.6,0,1.3,68,Medium Stress
5/31/2026 18:59,40.7,1,,61,Medium Stress
5/31/2026 18:59,38.9,0,,60,Medium Stress
5/31/2026 18:59,34.2,0,0.83,37,Normal
5/31/2026 18:59,37.9,0,0.4,38,Normal
5/31/2026 18:59,39.4,1,1.85,58,Medium Stress
5/31/2026 18:59,38.5,0,1.1,50,Medium Stress
5/31/2026 18:59,36.6,0,0.22,21,Normal
5/31/2026 19:00,38.4,0,1.01,42,Medium Stress
5/31/2026 19:00,45.9,1,4.01,74,High Stress
5/31/2026 19:00,40.8,0,1.65,64,Medium Stress
5/31/2026 19:00,34.6,0,0.46,29,Normal
5/31/2026 19:00,36,0,,40,Normal
5/31/2026 19:00,36.8,0,0.52,21,Normal
5/31/2026 19:00,,0,0.66,27,Normal
5/31/2026 19:00,35.4,0,0.35,26,Normal
5/31/2026 19:00,34.8,0,0.53,38,Normal
5/31/2026 19:00,38,1,1.32,62,Medium Stress
5/31/2026 19:00,34.2,0,0.28,25,Normal
5/31/2026 19:00,47.1,1,3.05,74,High Stress
5/31/2026 17:44,35.2,0,0.92,38,Normal
5/31/2026 17:44,,1,1.52,45,Medium Stress
5/31/2026 17:45,45.3,1,3.94,93,High Stress
5/31/2026 17:45,37.8,0,0.31,32,Normal
5/31/2026 17:45,35.7,0,,23,Normal
5/31/2026 17:45,47.4,1,4.78,78,High Stress
5/31/2026 17:45,35,0,0.23,34,Normal
5/31/2026 17:45,38.9,0,1.9,51,Medium Stress
5/31/2026 17:45,37.9,0,0.52,31,Normal
5/31/2026 17:45,36.7,0,0.25,32,Normal
5/31/2026 17:45,37.4,0,0.74,27,Normal
5/31/2026 17:45,36.8,0,,28,Normal
5/31/2026 17:45,43.8,1,,88,High Stress
5/31/2026 17:45,37.7,0,0.66,26,Normal
5/31/2026 17:45,39.1,0,1.58,63,Medium Stress
5/31/2026 17:45,45.7,1,3.57,72,High Stress
5/31/2026 17:45,40.4,1,1.94,64,Medium Stress
5/31/2026 17:45,37.7,0,0.45,39,Normal
5/31/2026 17:45,39.5,1,1.48,41,Medium Stress
5/31/2026 17:45,35.9,0,0.49,38,Normal
5/31/2026 17:45,45.8,1,4.69,91,High Stress
5/31/2026 17:46,34.9,0,0.64,28,Normal
5/31/2026 17:46,34.6,0,0.44,25,Normal
5/31/2026 17:46,36,0,0.55,20,Normal
5/31/2026 17:46,36.4,0,0.75,35,Normal
5/31/2026 17:46,36.6,0,0.79,35,Normal
5/31/2026 17:46,37.3,0,0.96,37,Normal
5/31/2026 17:46,39.9,1,1.96,49,Medium Stress
5/31/2026 17:46,34.5,0,0.93,21,Normal
5/31/2026 17:46,,0,0.21,28,Normal
5/31/2026 17:46,37.6,0,0.28,32,Normal
5/31/2026 17:46,42.9,1,,96,High Stress
5/31/2026 17:46,38.6,1,1.52,44,Medium Stress
,40.2,1,1.38,42,Medium Stress
5/31/2026 17:46,46,1,4.41,78,High Stress
5/31/2026 17:46,38.7,1,1.93,65,Medium Stress
5/31/2026 17:46,37.4,0,0.41,26,Normal
5/31/2026 17:46,35.5,0,0.26,21,Normal
5/31/2026 17:46,37.3,0,0.28,37,Normal
5/31/2026 17:47,36.6,0,0.37,23,Normal
5/31/2026 17:47,37.3,0,0.22,38,Normal
5/31/2026 17:47,39.7,1,1.24,58,Medium Stress
5/31/2026 17:47,37.5,0,0.72,32,Normal
5/31/2026 17:47,40,0,1.98,41,Medium Stress
5/31/2026 17:47,37.1,0,0.91,32,Normal
5/31/2026 17:47,37.6,0,0.73,27,Normal
5/31/2026 17:47,40.9,0,1.76,68,Medium Stress
5/31/2026 17:47,36.4,0,0.97,31,Normal
5/31/2026 17:47,40.8,1,1.51,69,Medium Stress
5/31/2026 17:47,46.5,1,3.44,88,High Stress
5/31/2026 17:47,34.5,0,0.87,22,Normal
5/31/2026 17:47,40.3,1,1.16,63,Medium Stress
5/31/2026 17:47,35.8,0,,20,Normal
5/31/2026 17:47,45.9,1,3.42,98,High Stress
5/31/2026 17:47,45.5,1,3.83,71,High Stress
5/31/2026 17:47,38,1,1.91,45,Medium Stress
5/31/2026 17:47,38.5,1,1.87,69,Medium Stress
5/31/2026 17:48,47.9,1,4.52,73,High Stress
5/31/2026 17:48,36.7,0,0.52,39,Normal
5/31/2026 17:48,39.9,1,,66,Medium Stress
,42.8,1,3.24,80,High Stress
5/31/2026 17:48,35.8,0,0.98,31,Normal
5/31/2026 17:48,45.2,1,3.64,76,High Stress
5/31/2026 17:48,46.6,1,4.55,75,High Stress
5/31/2026 17:48,,0,0.76,23,Normal
5/31/2026 17:48,34.7,0,0.39,26,Normal
5/31/2026 17:48,39.8,1,1.43,41,Medium Stress
5/31/2026 17:48,40.5,0,1.08,42,Medium Stress
5/31/2026 17:48,36.7,0,0.86,21,Normal
5/31/2026 17:48,39.1,0,1.92,45,Medium Stress
5/31/2026 17:48,37.9,0,0.44,31,Normal
5/31/2026 17:48,39.6,0,,63,Medium Stress
5/31/2026 17:48,42.3,1,4.21,81,High Stress
5/31/2026 17:48,47.3,1,4.29,94,High Stress
5/31/2026 17:48,40.2,0,1.66,59,Medium Stress
5/31/2026 17:49,36.1,0,0.8,27,Normal
5/31/2026 17:49,40.9,1,1.9,68,Medium Stress
5/31/2026 17:49,37.5,0,0.45,24,Normal
5/31/2026 17:49,36.3,0,0.61,35,Normal
5/31/2026 17:49,38,0,1.62,68,Medium Stress
5/31/2026 17:49,36.4,0,0.67,36,Normal
5/31/2026 17:49,35.8,0,0.39,27,Normal
5/31/2026 17:49,42.5,1,3.32,100,High Stress
5/31/2026 17:49,37.8,0,0.62,30,Normal
5/31/2026 17:49,46.4,1,4.71,77,High Stress
5/31/2026 17:49,,0,1.96,43,Medium Stress
5/31/2026 17:49,37.5,0,0.74,29,Normal
5/31/2026 17:49,40.5,1,1.15,55,Medium Stress
5/31/2026 17:49,35.4,0,0.35,31,Normal
5/31/2026 17:49,34.8,0,0.73,20,Normal
5/31/2026 17:49,34.1,0,0.45,28,Normal
5/31/2026 17:49,39.8,1,1.94,44,Medium Stress
5/31/2026 17:49,40.6,0,1.27,68,Medium Stress
5/31/2026 17:50,35.6,0,0.69,34,Normal
5/31/2026 17:50,44.4,1,4.35,86,High Stress
5/31/2026 17:50,35.6,0,0.21,28,Normal
5/31/2026 17:50,34.7,0,0.66,27,Normal
5/31/2026 17:50,39.9,1,1.64,44,Medium Stress
5/31/2026 17:50,35,0,0.32,20,Normal
,37,0,0.51,23,Normal
5/31/2026 17:50,39.6,0,1.5,61,Medium Stress
5/31/2026 17:50,37.5,0,0.31,26,Normal
5/31/2026 17:50,37.5,0,0.5,38,Normal
5/31/2026 17:50,35.5,0,0.21,38,Normal
5/31/2026 17:50,47.2,1,3.62,78,High Stress
5/31/2026 17:50,37.3,0,0.89,30,Normal
5/31/2026 17:50,42.5,1,3.84,94,High Stress
5/31/2026 17:50,34.3,0,0.46,20,Normal
5/31/2026 17:51,45.4,1,4.26,88,High Stress
5/31/2026 17:51,37.4,0,0.34,23,Normal
5/31/2026 17:51,37.7,0,0.56,26,Normal
5/31/2026 17:51,45.7,1,3.65,72,High Stress
5/31/2026 17:51,34.9,0,0.35,33,Normal
5/31/2026 17:51,34.8,0,0.92,34,Normal
5/31/2026 17:51,,0,0.71,27,Normal
5/31/2026 17:51,37.2,0,0.25,35,Normal
5/31/2026 17:51,35.1,0,0.95,34,Normal
5/31/2026 17:51,34.4,0,0.98,33,Normal
5/31/2026 17:51,37.1,0,0.75,30,Normal
5/31/2026 17:51,43.8,1,4.18,71,High Stress
5/31/2026 17:51,,0,1.84,44,Medium Stress
5/31/2026 17:51,40.6,1,1.79,48,Medium Stress
5/31/2026 17:51,43.5,1,3.27,84,High Stress
5/31/2026 17:51,47.4,1,3.63,89,High Stress
5/31/2026 17:51,36.7,0,0.94,26,Normal
5/31/2026 17:52,36.3,0,0.31,32,Normal
5/31/2026 17:52,38.2,0,1.44,47,Medium Stress
5/31/2026 17:52,35.2,0,0.98,31,Normal
5/31/2026 17:52,35.8,0,0.21,20,Normal
5/31/2026 17:52,37.3,0,0.9,28,Normal
5/31/2026 17:52,38.7,1,1.8,52,Medium Stress
5/31/2026 17:52,39.4,0,1.13,48,Medium Stress
5/31/2026 17:52,40.2,1,1.93,57,Medium Stress
5/31/2026 17:52,40.7,1,1.85,48,Medium Stress
5/31/2026 17:52,36.3,0,0.67,37,Normal
5/31/2026 17:52,34.8,0,0.74,22,Normal
5/31/2026 17:52,34.1,0,0.51,40,Normal
5/31/2026 17:52,45.6,1,3.93,95,High Stress
5/31/2026 17:52,46.7,1,3.54,99,High Stress
5/31/2026 17:52,47.1,1,3.26,75,High Stress
5/31/2026 17:52,34.9,0,,28,Normal
5/31/2026 17:52,39.5,1,1.26,63,Medium Stress
5/31/2026 17:53,34.7,0,0.39,23,Normal
5/31/2026 17:53,37.8,0,0.87,21,Normal
5/31/2026 17:53,43.3,1,4.71,80,High Stress
5/31/2026 17:53,36.9,0,0.83,28,Normal
5/31/2026 17:53,34.5,0,,38,Normal
5/31/2026 17:53,46.6,1,3.18,95,High Stress
5/31/2026 17:53,34.9,0,0.4,26,Normal
5/31/2026 17:53,45.1,1,3.16,75,High Stress
5/31/2026 17:53,36.9,0,0.65,35,Normal
5/31/2026 17:53,37.1,0,0.76,28,Normal
,34.1,0,0.61,23,Normal
5/31/2026 17:53,37.3,0,0.41,31,Normal
5/31/2026 17:53,44.9,1,3.76,81,High Stress
5/31/2026 17:53,37,0,0.85,31,Normal
5/31/2026 17:53,45.6,1,3.08,90,High Stress
5/31/2026 17:53,37.5,0,0.32,20,Normal
5/31/2026 17:53,36,0,0.32,30,Normal
5/31/2026 17:53,36.9,0,0.78,30,Normal
5/31/2026 17:54,43.3,1,4.65,81,High Stress
5/31/2026 17:54,39.9,1,,48,Medium Stress
5/31/2026 18:02,44.7,1,3.95,83,High Stress
5/31/2026 18:02,,0,0.36,32,Normal
5/31/2026 18:02,36.8,0,0.59,35,Normal
5/31/2026 18:02,37.1,0,0.4,24,Normal
5/31/2026 18:02,37.8,0,0.5,34,Normal
5/31/2026 18:02,35.9,0,0.37,39,Normal
5/31/2026 18:02,35.1,0,0.26,38,Normal
5/31/2026 18:02,45,1,4.71,73,High Stress
5/31/2026 18:02,40.5,0,1.62,70,Medium Stress
5/31/2026 18:02,45.1,1,4.22,71,High Stress
5/31/2026 18:02,36,0,0.63,26,Normal
5/31/2026 18:02,40.8,0,1.99,57,Medium Stress
5/31/2026 18:03,38.8,1,1.69,61,Medium Stress
5/31/2026 18:03,36.7,0,0.86,27,Normal
5/31/2026 18:03,35.5,0,0.98,28,Normal
5/31/2026 18:03,46.1,1,4.72,97,High Stress
5/31/2026 18:03,36.6,0,0.64,36,Normal
5/31/2026 18:03,37.6,0,,33,Normal
5/31/2026 18:03,39.1,0,1.15,67,Medium Stress
5/31/2026 18:03,,1,,79,High Stress
5/31/2026 18:03,40.9,1,1.77,43,Medium Stress
5/31/2026 18:03,34,0,0.73,29,Normal
5/31/2026 18:03,39.5,1,1.97,52,Medium Stress
5/31/2026 18:03,35.4,0,0.79,27,Normal
5/31/2026 18:03,36,0,0.95,25,Normal
5/31/2026 18:03,42.1,1,3.89,77,High Stress
5/31/2026 18:03,38.7,0,1.81,45,Medium Stress
5/31/2026 18:03,40,0,1.32,57,Medium Stress
5/31/2026 18:03,37.7,0,0.36,22,Normal
5/31/2026 18:03,38.1,1,1.17,45,Medium Stress
5/31/2026 18:04,34.9,0,0.54,33,Normal
5/31/2026 18:04,47.8,1,4.69,80,High Stress
5/31/2026 18:04,34,0,0.54,25,Normal
5/31/2026 18:04,35.5,0,,35,Normal
5/31/2026 18:04,43.6,1,4.75,98,High Stress
5/31/2026 18:04,35.9,0,0.41,35,Normal
5/31/2026 18:04,45.6,1,3.85,75,High Stress
5/31/2026 18:04,34.3,0,0.38,36,Normal
5/31/2026 18:04,42.3,1,4.07,85,High Stress
5/31/2026 18:04,39.9,1,1.45,48,Medium Stress
5/31/2026 18:04,40.7,0,1.69,54,Medium Stress
,35.4,0,0.46,21,Normal
5/31/2026 18:04,38.2,1,,56,Medium Stress
5/31/2026 18:04,37.4,0,0.81,38,Normal
5/31/2026 18:04,,0,0.92,24,Normal
5/31/2026 18:04,40.5,0,1.85,59,Medium Stress
5/31/2026 18:04,37.2,0,0.86,29,Normal
5/31/2026 18:04,47.8,1,3.44,96,High Stress
5/31/2026 18:05,39.2,1,1.7,45,Medium Stress
5/31/2026 18:05,39.8,0,1.42,48,Medium Stress
5/31/2026 18:05,38.2,0,1.07,46,Medium Stress
5/31/2026 18:05,39.4,1,1.53,69,Medium Stress
5/31/2026 18:05,36.1,0,0.35,35,Normal
5/31/2026 18:05,47.9,1,4.62,76,High Stress
5/31/2026 18:05,37,0,0.64,36,Normal
5/31/2026 18:05,36.3,0,0.68,35,Normal
5/31/2026 18:05,,0,0.26,26,Normal
5/31/2026 18:05,35.9,0,0.29,35,Normal
5/31/2026 18:05,35.7,0,0.22,36,Normal
5/31/2026 18:05,46.7,1,4.81,87,High Stress
5/31/2026 18:05,46.8,1,3.45,93,High Stress
5/31/2026 18:05,34.6,0,0.98,40,Normal
5/31/2026 18:05,37.2,0,0.34,30,Normal
5/31/2026 18:05,44.1,1,4.05,90,High Stress
5/31/2026 18:05,35.4,0,0.22,20,Normal
5/31/2026 18:05,,1,1.67,70,Medium Stress
5/31/2026 18:05,39.4,0,1.08,68,Medium Stress
5/31/2026 18:06,38.7,0,1.14,45,Medium Stress
,40.6,0,1.02,63,Medium Stress
5/31/2026 18:06,35,0,0.3,24,Normal
5/31/2026 18:06,46,1,4.96,100,High Stress
5/31/2026 18:06,45.1,1,4.97,87,High Stress
5/31/2026 18:06,46.7,1,3.91,76,High Stress
5/31/2026 18:06,39.3,1,1.97,49,Medium Stress
5/31/2026 18:06,43.4,1,4.09,95,High Stress
5/31/2026 18:06,39.3,0,1.58,61,Medium Stress
5/31/2026 18:06,37.1,0,0.3,30,Normal
5/31/2026 18:06,40.6,0,1.74,47,Medium Stress
5/31/2026 18:06,40.1,0,1.7,69,Medium Stress
5/31/2026 18:06,40,0,1.86,67,Medium Stress
5/31/2026 18:06,37,0,0.89,39,Normal
5/31/2026 18:06,39.5,0,1.62,56,Medium Stress
5/31/2026 18:06,46.1,1,4.35,91,High Stress
5/31/2026 18:06,38.5,1,1.66,54,Medium Stress
5/31/2026 18:06,42.7,1,3.01,98,High Stress
5/31/2026 18:06,,1,3.16,89,High Stress
5/31/2026 18:07,,1,1.78,54,Medium Stress
,35.5,0,0.23,40,Normal
5/31/2026 18:07,39,0,1.66,48,Medium Stress
,34,0,0.96,25,Normal
5/31/2026 18:07,34.6,0,0.25,39,Normal
5/31/2026 18:07,34.2,0,0.41,36,Normal
5/31/2026 18:07,37.6,0,0.6,28,Normal
5/31/2026 18:07,38.8,0,1.3,43,Medium Stress
5/31/2026 18:07,44.5,1,4.52,98,High Stress
5/31/2026 18:07,38.6,1,1.33,67,Medium Stress
5/31/2026 18:50,42.1,1,3.83,80,High Stress
5/31/2026 18:50,43.5,1,4.16,96,High Stress
5/31/2026 18:50,34.1,0,0.2,36,Normal
5/31/2026 18:50,40.6,1,1.23,63,Medium Stress
5/31/2026 18:50,34.8,0,0.63,26,Normal
5/31/2026 18:50,35,0,0.39,29,Normal
5/31/2026 18:50,36.8,0,0.58,23,Normal
5/31/2026 18:50,40.6,0,1.41,45,Medium Stress
5/31/2026 18:50,38.2,1,1.15,68,Medium Stress
5/31/2026 18:50,40.3,0,1.17,46,Medium Stress
5/31/2026 18:50,36.3,0,0.73,31,Normal
5/31/2026 18:50,45,1,3.27,88,High Stress
5/31/2026 18:50,34.7,0,0.43,37,Normal
5/31/2026 18:50,44.6,1,4.51,87,High Stress
5/31/2026 18:50,34.5,0,0.69,28,Normal
5/31/2026 18:50,37.3,0,0.29,33,Normal
5/31/2026 18:50,36.2,0,0.81,25,Normal
5/31/2026 18:50,40.3,0,1.52,53,Medium Stress
5/31/2026 18:50,39.3,0,1.41,58,Medium Stress
5/31/2026 18:50,45.9,1,3.29,76,High Stress
5/31/2026 18:50,44,1,3.57,95,High Stress
5/31/2026 18:50,39.7,1,1.81,65,Medium Stress
5/31/2026 18:50,36,0,0.42,37,Normal
5/31/2026 18:50,35,0,0.84,34,Normal
5/31/2026 18:50,47.8,1,3.85,88,High Stress
5/31/2026 18:50,40.9,1,1.34,55,Medium Stress
5/31/2026 18:50,40,0,1.36,56,Medium Stress
5/31/2026 18:50,36.9,0,0.73,29,Normal
5/31/2026 18:50,34.6,0,0.6,21,Normal
5/31/2026 18:50,39.7,0,1.38,46,Medium Stress
5/31/2026 18:50,35.9,0,0.37,31,Normal
5/31/2026 18:50,38.8,1,1.61,63,Medium Stress
5/31/2026 18:50,40.1,0,1.08,45,Medium Stress
5/31/2026 18:50,34.3,0,0.46,36,Normal
5/31/2026 18:50,39.7,0,1.89,58,Medium Stress
5/31/2026 18:50,46,1,4.07,96,High Stress
5/31/2026 18:51,38.9,0,1.59,46,Medium Stress
5/31/2026 18:51,36.2,0,0.41,26,Normal
5/31/2026 18:51,40.5,0,1.38,58,Medium Stress
5/31/2026 18:51,44.8,1,4.94,82,High Stress
,47.4,1,4.93,75,High Stress
5/31/2026 18:51,44.4,1,3.63,89,High Stress
5/31/2026 18:51,39.1,0,1.69,55,Medium Stress
5/31/2026 18:51,40.1,0,1.16,49,Medium Stress
5/31/2026 18:51,42.1,1,4.12,79,High Stress
5/31/2026 18:51,39.5,1,1.5,58,Medium Stress
5/31/2026 18:51,46,1,3.59,82,High Stress
5/31/2026 18:51,36.4,0,0.94,28,Normal
5/31/2026 18:51,42.9,1,3.76,90,High Stress
5/31/2026 18:51,36.8,0,0.61,30,Normal
5/31/2026 18:51,37.8,0,0.5,34,Normal
5/31/2026 18:51,47.9,1,4.27,90,High Stress
5/31/2026 18:51,35.1,0,0.77,37,Normal
5/31/2026 18:52,43.7,1,3.57,87,High Stress
5/31/2026 18:52,34.4,0,0.24,22,Normal
5/31/2026 18:52,38.1,1,1.15,58,Medium Stress
5/31/2026 18:52,35.9,0,0.79,23,Normal
5/31/2026 18:52,35.3,0,0.94,39,Normal
,44.4,1,3.63,100,High Stress
5/31/2026 18:52,44.7,1,3.49,99,High Stress
5/31/2026 18:52,43.5,1,4.93,83,High Stress
5/31/2026 18:52,36.7,0,0.98,21,Normal
5/31/2026 18:52,43,1,3.88,88,High Stress
5/31/2026 18:52,38.5,0,1.9,62,Medium Stress
5/31/2026 18:52,34.1,0,0.63,24,Normal
5/31/2026 18:52,37.2,0,0.74,39,Normal
5/31/2026 18:52,38.4,0,1.93,53,Medium Stress
5/31/2026 18:52,39.5,0,1.27,63,Medium Stress
5/31/2026 18:53,36.1,0,0.47,37,Normal
5/31/2026 18:53,,0,0.22,26,Normal
5/31/2026 18:53,43.5,1,4.5,84,High Stress
5/31/2026 18:53,45.5,1,4.74,77,High Stress
5/31/2026 18:53,,0,0.82,21,Normal
5/31/2026 18:53,37.7,0,0.44,23,Normal
5/31/2026 18:53,35.4,0,0.89,26,Normal
5/31/2026 18:53,39.4,1,1.69,69,Medium Stress
5/31/2026 18:53,39.1,1,1.31,55,Medium Stress
5/31/2026 18:53,40,0,1.9,52,Medium Stress
5/31/2026 18:53,34.1,0,0.36,31,Normal
5/31/2026 18:53,34.5,0,0.81,24,Normal
5/31/2026 18:53,38.1,0,1.05,43,Medium Stress
5/31/2026 18:53,36.9,0,0.4,25,Normal
5/31/2026 18:53,42.4,1,4.46,85,High Stress
5/31/2026 18:53,40.9,1,1.38,48,Medium Stress
5/31/2026 18:53,40,1,1.12,64,Medium Stress
5/31/2026 18:53,38.7,0,1.98,63,Medium Stress
5/31/2026 18:53,36.1,0,0.73,29,Normal
5/31/2026 18:54,47.6,1,4.12,84,High Stress
5/31/2026 18:54,36.3,0,0.25,37,Normal
5/31/2026 18:54,37.5,0,0.67,30,Normal
5/31/2026 18:54,37.2,0,,40,Normal
5/31/2026 18:54,36.8,0,0.99,29,Normal
5/31/2026 18:54,36.4,0,0.92,29,Normal
5/31/2026 18:54,36.7,0,0.22,29,Normal
5/31/2026 18:54,35.8,0,0.23,26,Normal
5/31/2026 18:54,40.6,0,1.96,58,Medium Stress
5/31/2026 18:54,40.1,0,1.89,55,Medium Stress
5/31/2026 18:54,47,1,4.82,93,High Stress
5/31/2026 18:54,38.5,0,1.91,66,Medium Stress
,37.9,0,0.95,29,Normal
5/31/2026 18:54,46.1,1,4.53,81,High Stress
5/31/2026 18:54,39.4,1,1.4,43,Medium Stress
5/31/2026 18:54,40.9,1,1.74,55,Medium Stress
5/31/2026 18:54,35,0,0.2,32,Normal
5/31/2026 18:55,40.1,0,1.41,43,Medium Stress
5/31/2026 18:55,39.8,1,,64,Medium Stress
5/31/2026 18:55,45.8,1,3.21,89,High Stress
5/31/2026 18:55,37.4,0,0.46,20,Normal
5/31/2026 18:55,44.3,1,4.39,78,High Stress
5/31/2026 18:55,43.1,1,3.94,83,High Stress
5/31/2026 18:55,34.5,0,0.46,37,Normal
5/31/2026 18:55,38.4,1,1.72,58,Medium Stress
5/31/2026 18:55,34.1,0,0.31,36,Normal
5/31/2026 18:55,40.4,0,1.44,53,Medium Stress
5/31/2026 18:55,47.4,1,3.35,99,High Stress
5/31/2026 18:55,38.6,1,1.37,54,Medium Stress
5/31/2026 18:55,40.4,1,1.88,47,Medium Stress
5/31/2026 18:55,,0,0.93,20,Normal
5/31/2026 18:55,40.4,1,1.11,46,Medium Stress
,43.6,1,4.35,78,High Stress
5/31/2026 18:55,36.9,0,0.51,24,Normal
5/31/2026 18:55,43.8,1,3.36,98,High Stress
5/31/2026 18:56,38,0,0.86,35,Normal
5/31/2026 18:56,40.3,0,,54,Medium Stress
5/31/2026 18:56,44.4,1,4.97,85,High Stress
5/31/2026 18:56,38.5,0,1.07,51,Medium Stress
5/31/2026 18:56,35.6,0,0.89,39,Normal
5/31/2026 18:56,44,1,4.01,99,High Stress
5/31/2026 18:56,40.4,0,1.14,67,Medium Stress
5/31/2026 18:56,41,0,1.02,61,Medium Stress
5/31/2026 18:56,37,0,0.24,27,Normal
5/31/2026 18:56,38.6,0,1.02,58,Medium Stress
5/31/2026 18:56,,0,1.44,49,Medium Stress
5/31/2026 18:56,42.2,1,5,98,High Stress
5/31/2026 18:56,44.4,1,4.11,83,High Stress
5/31/2026 18:56,47.6,1,,75,High Stress
5/31/2026 18:56,40.1,1,1.05,70,Medium Stress
5/31/2026 18:56,37.7,0,0.41,29,Normal
5/31/2026 18:56,40.4,1,1.33,60,Medium Stress
5/31/2026 18:56,34.3,0,0.35,26,Normal
5/31/2026 18:56,34,0,0.29,36,Normal
5/31/2026 18:57,39.7,0,1.45,45,Medium Stress
5/31/2026 18:57,48,1,4.41,77,High Stress
5/31/2026 18:57,,1,1.06,51,Medium Stress
5/31/2026 18:57,35.4,0,0.25,35,Normal
5/31/2026 18:57,,1,4.22,84,High Stress
5/31/2026 18:57,37.1,0,0.56,39,Normal
,40.3,0,1.41,51,Medium Stress
5/31/2026 18:57,39.6,1,1.64,67,Medium Stress
5/31/2026 18:57,35.7,0,0.73,23,Normal
5/31/2026 18:57,44.8,1,4.37,76,High Stress
5/31/2026 18:57,34.8,0,0.87,31,Normal
5/31/2026 18:57,36.2,0,,27,Normal
5/31/2026 18:57,35.9,0,0.23,30,Normal
5/31/2026 18:57,36.6,0,0.95,23,Normal
5/31/2026 18:57,39.1,0,2,64,Medium Stress
5/31/2026 18:57,44.3,1,3.31,83,High Stress
5/31/2026 18:57,34.5,0,0.35,28,Normal
5/31/2026 18:57,45.8,1,4.34,93,High Stress
5/31/2026 18:58,37.2,0,0.8,25,Normal
5/31/2026 18:58,36.1,0,0.86,37,Normal
5/31/2026 18:58,37.6,0,0.52,28,Normal
5/31/2026 18:58,38.6,1,1.88,63,Medium Stress
5/31/2026 18:58,43.6,1,3.62,92,High Stress
5/31/2026 18:58,34.9,0,0.72,24,Normal
5/31/2026 18:58,34.8,0,,36,Normal
5/31/2026 18:58,35.2,0,0.48,25,Normal
5/31/2026 18:58,35.5,0,0.25,22,Normal
,43.9,1,3.19,93,High Stress
5/31/2026 18:58,37.9,0,0.54,37,Normal
5/31/2026 18:58,34.6,0,0.56,22,Normal
5/31/2026 18:58,39.9,1,1.74,69,Medium Stress
5/31/2026 18:58,36.3,0,0.5,25,Normal
5/31/2026 18:58,46.6,1,3.57,79,High Stress
5/31/2026 18:58,34.9,0,0.42,23,Normal
5/31/2026 18:58,40.9,1,1.77,68,Medium Stress
5/31/2026 18:59,35.3,0,0.3,40,Normal
5/31/2026 18:59,40.6,1,1.19,57,Medium Stress
5/31/2026 18:59,40,0,1.63,58,Medium Stress
5/31/2026 18:59,40.7,1,1.21,46,Medium Stress
5/31/2026 18:59,38.3,0,1.2,41,Medium Stress
5/31/2026 18:59,34.5,0,0.4,37,Normal
5/31/2026 18:59,38.1,0,1.85,56,Medium Stress
5/31/2026 18:59,47.1,1,4.96,96,High Stress
5/31/2026 18:59,45.8,1,4.29,86,High Stress
5/31/2026 18:59,37.1,0,0.75,33,Normal
5/31/2026 18:59,36,0,0.53,36,Normal
5/31/2026 18:59,34,0,0.4,35,Normal
5/31/2026 18:59,43,1,3.64,71,High Stress
5/31/2026 18:59,47,1,4.2,97,High Stress
5/31/2026 18:59,,0,0.95,39,Normal
5/31/2026 18:59,36.8,0,,33,Normal
5/31/2026 19:00,39.6,0,1.42,52,Medium Stress
5/31/2026 19:00,35.2,0,0.2,20,Normal
5/31/2026 19:00,35.2,0,0.58,34,Normal
5/31/2026 19:00,35.5,0,0.96,35,Normal
5/31/2026 19:00,34.6,0,0.56,29,Normal
5/31/2026 19:00,37.6,0,0.26,26,Normal
5/31/2026 19:00,39.3,1,1.94,65,Medium Stress
5/31/2026 19:00,34.7,0,0.6,35,Normal
5/31/2026 19:00,38.6,0,1.17,66,Medium Stress
5/31/2026 19:00,43.5,1,4.42,87,High Stress
5/31/2026 19:00,39.4,0,1.19,68,Medium Stress
5/31/2026 19:00,45.7,1,3.44,71,High Stress
5/31/2026 19:00,40.7,0,1.37,65,Medium Stress
5/31/2026 19:00,43.4,1,4.97,75,High Stress
5/31/2026 17:44,37.2,0,0.46,40,Normal
5/31/2026 17:45,46.7,1,3.41,73,High Stress
5/31/2026 17:45,43.5,1,4.87,94,High Stress
5/31/2026 17:45,34.2,0,0.8,40,Normal
5/31/2026 17:45,40.5,0,1.43,62,Medium Stress
5/31/2026 17:45,46.1,1,3.2,79,High Stress
5/31/2026 17:45,37.4,0,0.35,22,Normal
5/31/2026 17:45,42.9,1,4.65,100,High Stress
5/31/2026 17:45,46,1,3.6,77,High Stress
5/31/2026 17:45,40.1,0,1.46,69,Medium Stress
5/31/2026 17:45,47.2,1,3.51,83,High Stress
5/31/2026 17:45,40.8,1,1.38,48,Medium Stress
5/31/2026 17:45,34.7,0,0.59,39,Normal
5/31/2026 17:45,35.3,0,0.83,24,Normal
5/31/2026 17:45,36.2,0,0.38,20,Normal
5/31/2026 17:45,44.7,1,4.07,93,High Stress
5/31/2026 17:45,37.3,0,0.2,36,Normal
5/31/2026 17:45,37.8,0,0.83,32,Normal
5/31/2026 17:45,,0,0.21,34,Normal
5/31/2026 17:45,36.7,0,0.87,34,Normal
5/31/2026 17:46,34.1,0,0.34,33,Normal
5/31/2026 17:46,40.7,1,1.82,64,Medium Stress
5/31/2026 17:46,36.3,0,0.37,40,Normal
,37.8,0,0.51,40,Normal
5/31/2026 17:46,41,1,1.36,41,Medium Stress
5/31/2026 17:46,43.9,1,3.37,76,High Stress
5/31/2026 17:46,39.5,0,1.7,47,Medium Stress
5/31/2026 17:46,,1,1.77,48,Medium Stress
5/31/2026 17:46,39.9,0,1.02,61,Medium Stress
5/31/2026 17:46,40.7,1,1.25,43,Medium Stress
5/31/2026 17:46,46.4,1,3.98,96,High Stress
5/31/2026 17:46,41,0,1.26,54,Medium Stress
5/31/2026 17:46,36.4,0,0.59,38,Normal
5/31/2026 17:46,35.3,0,0.53,24,Normal
5/31/2026 17:46,36.4,0,0.52,35,Normal
5/31/2026 17:46,46.1,1,3.49,98,High Stress
5/31/2026 17:46,40.6,0,1.88,66,Medium Stress
5/31/2026 17:46,35,0,0.32,20,Normal
5/31/2026 17:47,39.2,0,1.28,58,Medium Stress
5/31/2026 17:47,40.4,1,1.52,67,Medium Stress
5/31/2026 17:47,35.8,0,0.6,40,Normal
5/31/2026 17:47,37.9,0,0.56,40,Normal
5/31/2026 17:47,34.9,0,0.43,23,Normal
5/31/2026 17:47,35.3,0,0.6,30,Normal
5/31/2026 17:47,43.5,1,4.22,92,High Stress
5/31/2026 17:47,43.1,1,3.56,98,High Stress
5/31/2026 17:47,38.8,0,1.8,59,Medium Stress
5/31/2026 17:47,40.2,0,1.49,48,Medium Stress
5/31/2026 17:47,37,0,0.87,23,Normal
5/31/2026 17:47,36.3,0,0.67,30,Normal
5/31/2026 17:47,43.4,1,3.02,71,High Stress
5/31/2026 17:47,35.3,0,0.66,39,Normal
5/31/2026 17:47,39.3,0,1.74,41,Medium Stress
5/31/2026 17:47,40.7,1,1.86,48,Medium Stress
5/31/2026 17:47,39.6,0,1.54,64,Medium Stress
,35.5,0,0.86,37,Normal
5/31/2026 17:48,35.4,0,0.96,29,Normal
5/31/2026 17:48,38.1,0,1.38,66,Medium Stress
5/31/2026 17:48,38.5,0,1.78,61,Medium Stress
5/31/2026 17:48,39.3,0,1.11,45,Medium Stress
5/31/2026 17:48,36.8,0,0.26,22,Normal
5/31/2026 17:48,42.1,1,4.79,99,High Stress
5/31/2026 17:48,47.1,1,,95,High Stress
5/31/2026 17:48,35.9,0,0.73,33,Normal
5/31/2026 17:48,37.9,0,0.68,29,Normal
5/31/2026 17:48,38.4,0,1.24,56,Medium Stress
5/31/2026 17:48,46.7,1,4.74,74,High Stress
5/31/2026 17:48,35.4,0,0.99,37,Normal
5/31/2026 17:48,37.1,0,0.38,27,Normal
5/31/2026 17:48,38.7,1,1.58,53,Medium Stress
5/31/2026 17:48,36.6,0,0.7,38,Normal
5/31/2026 17:48,34.7,0,0.33,21,Normal
5/31/2026 17:48,36.9,0,0.54,37,Normal
5/31/2026 17:48,42.3,1,3.91,86,High Stress
5/31/2026 17:49,43.4,1,4.77,100,High Stress
5/31/2026 17:49,34.5,0,0.4,27,Normal
,45.3,1,4.27,76,High Stress
5/31/2026 17:49,39.7,1,,47,Medium Stress
5/31/2026 17:49,34.8,0,0.87,32,Normal
5/31/2026 17:49,41,0,1.02,45,Medium Stress
5/31/2026 17:49,39.5,0,1.02,66,Medium Stress
5/31/2026 17:49,35.2,0,0.92,30,Normal
5/31/2026 17:49,46.1,1,3.86,85,High Stress
,35,0,0.41,23,Normal
,37.6,0,0.51,32,Normal
,34.8,0,0.87,21,Normal
5/31/2026 17:49,36.4,0,0.44,35,Normal
,45.2,1,3.59,88,High Stress
5/31/2026 17:49,35.3,0,0.37,33,Normal
5/31/2026 17:49,39.5,0,1.18,54,Medium Stress
5/31/2026 17:49,47.8,1,4.59,80,High Stress
5/31/2026 17:49,38.9,1,1.71,57,Medium Stress
5/31/2026 17:49,39.6,1,1.47,53,Medium Stress
5/31/2026 17:50,40.9,0,1.74,55,Medium Stress
5/31/2026 17:50,38.2,1,1.14,56,Medium Stress
5/31/2026 17:50,35.5,0,0.71,21,Normal
5/31/2026 17:50,40.6,1,1.39,63,Medium Stress
5/31/2026 17:50,36.4,0,0.76,29,Normal
5/31/2026 17:50,40.5,0,1.46,60,Medium Stress
5/31/2026 17:50,36.6,0,0.61,38,Normal
,38.6,1,1.38,48,Medium Stress
5/31/2026 17:50,34.7,0,0.88,25,Normal
5/31/2026 17:50,35.4,0,0.64,28,Normal
5/31/2026 17:50,39.5,0,,61,Medium Stress
5/31/2026 17:50,35.6,0,0.69,34,Normal
5/31/2026 17:50,39.3,1,1.45,61,Medium Stress
5/31/2026 17:50,46.8,1,4.99,88,High Stress
5/31/2026 17:51,38.5,0,1.82,57,Medium Stress
5/31/2026 17:51,35.4,0,0.69,32,Normal
5/31/2026 17:51,38.1,0,1.93,47,Medium Stress
5/31/2026 17:51,42.6,1,4.37,91,High Stress
5/31/2026 17:51,47.9,1,3.6,97,High Stress
5/31/2026 17:51,43.1,1,4.65,71,High Stress
5/31/2026 17:51,43.2,1,3,80,High Stress
5/31/2026 17:51,34.7,0,0.81,37,Normal
5/31/2026 17:51,40.6,0,1.54,55,Medium Stress
5/31/2026 17:51,45.3,1,3.42,78,High Stress
5/31/2026 17:51,44.6,1,4.49,100,High Stress
5/31/2026 17:51,34.5,0,0.46,21,Normal
5/31/2026 17:51,40.3,1,1.86,70,Medium Stress
5/31/2026 17:51,38.5,1,1.2,60,Medium Stress
5/31/2026 17:51,38.4,1,1.99,41,Medium Stress
5/31/2026 17:51,40.8,1,1.39,55,Medium Stress
,38.2,1,1.26,52,Medium Stress
5/31/2026 17:52,43.5,1,4.68,82,High Stress
5/31/2026 17:52,45.4,1,4.4,94,High Stress
5/31/2026 17:52,40.4,0,1.9,68,Medium Stress
5/31/2026 17:52,34.1,0,0.58,21,Normal
5/31/2026 17:52,38.5,0,1.2,50,Medium Stress
5/31/2026 17:52,36.2,0,0.41,24,Normal
5/31/2026 17:52,34.5,0,0.74,40,Normal
5/31/2026 17:52,36.6,0,0.29,38,Normal
5/31/2026 17:52,40.2,1,1.77,58,Medium Stress
5/31/2026 17:52,35.7,0,0.65,30,Normal
5/31/2026 17:52,40.7,0,1.63,41,Medium Stress
5/31/2026 17:52,38.3,1,1.81,48,Medium Stress
5/31/2026 17:52,45.9,1,3.05,83,High Stress
5/31/2026 17:52,39,0,1.79,62,Medium Stress
5/31/2026 17:52,34.8,0,0.94,28,Normal
,39.2,1,,47,Medium Stress
5/31/2026 17:52,46.5,1,4.43,99,High Stress
5/31/2026 17:52,38.7,0,1.19,56,Medium Stress
5/31/2026 17:53,47.6,1,3.85,87,High Stress
5/31/2026 17:53,40.1,1,1.94,52,Medium Stress
5/31/2026 17:53,39.2,0,1.23,42,Medium Stress
5/31/2026 17:53,39.7,1,1.3,68,Medium Stress
5/31/2026 17:53,34.6,0,0.43,40,Normal
5/31/2026 17:53,40.1,0,1.19,58,Medium Stress
5/31/2026 17:53,40.3,1,1.26,59,Medium Stress
5/31/2026 17:53,42.4,1,3.94,80,High Stress
5/31/2026 17:53,37.1,0,0.6,32,Normal
5/31/2026 17:53,40.5,0,1.13,61,Medium Stress
5/31/2026 17:53,34.4,0,0.5,29,Normal
5/31/2026 17:53,39.2,1,1.92,60,Medium Stress
,36.9,0,0.9,22,Normal
5/31/2026 17:53,42.6,1,4.63,81,High Stress
5/31/2026 17:53,40.8,1,1.62,67,Medium Stress
5/31/2026 17:53,,0,0.35,23,Normal
5/31/2026 17:53,40.2,1,1.28,64,Medium Stress
5/31/2026 17:54,38.4,1,1.53,63,Medium Stress
5/31/2026 17:54,39.2,0,1.01,43,Medium Stress
5/31/2026 17:54,37.6,0,0.73,40,Normal
5/31/2026 18:02,44.6,1,3.27,100,High Stress
5/31/2026 18:02,35.8,0,0.85,40,Normal
5/31/2026 18:02,36.7,0,0.56,38,Normal
5/31/2026 18:02,37.3,0,0.31,27,Normal
5/31/2026 18:02,37.4,0,0.44,25,Normal
5/31/2026 18:02,39.3,1,1.78,48,Medium Stress
5/31/2026 18:02,39.4,0,1.35,60,Medium Stress
5/31/2026 18:02,47.8,1,4.06,80,High Stress
5/31/2026 18:02,34.3,0,0.32,27,Normal
5/31/2026 18:02,39.9,1,1.57,58,Medium Stress
5/31/2026 18:02,35.1,0,0.98,26,Normal
5/31/2026 18:03,46.2,1,4.27,72,High Stress
5/31/2026 18:03,40.8,1,1.35,44,Medium Stress
5/31/2026 18:03,47.8,1,4.77,86,High Stress
5/31/2026 18:03,41,0,1.06,70,Medium Stress
5/31/2026 18:03,46.3,1,4.89,91,High Stress
5/31/2026 18:03,38.7,0,1.59,52,Medium Stress
5/31/2026 18:03,37.6,0,0.76,25,Normal
5/31/2026 18:03,36.2,0,0.44,25,Normal
5/31/2026 18:03,43.2,1,3.75,96,High Stress
5/31/2026 18:03,42.4,1,3.26,98,High Stress
5/31/2026 18:03,35.4,0,0.45,25,Normal
5/31/2026 18:03,36.4,0,0.34,29,Normal
5/31/2026 18:03,39.9,1,1.6,56,Medium Stress
5/31/2026 18:03,36.6,0,0.85,20,Normal
5/31/2026 18:03,37.7,0,0.65,25,Normal
5/31/2026 18:03,34.1,0,0.87,29,Normal
5/31/2026 18:03,,1,1.35,45,Medium Stress
5/31/2026 18:03,36.6,0,0.48,35,Normal
5/31/2026 18:04,35.8,0,0.81,38,Normal
5/31/2026 18:04,35.3,0,0.85,24,Normal
5/31/2026 18:04,38,1,1.39,49,Medium Stress
5/31/2026 18:04,45.8,1,4.12,82,High Stress
5/31/2026 18:04,,1,4.91,83,High Stress
5/31/2026 18:04,40,0,1.62,59,Medium Stress
5/31/2026 18:04,40.7,0,1.34,57,Medium Stress
5/31/2026 18:04,38.3,1,1.71,57,Medium Stress
5/31/2026 18:04,36.2,0,0.28,31,Normal
5/31/2026 18:04,36,0,0.49,23,Normal
5/31/2026 18:04,34.5,0,0.89,40,Normal
5/31/2026 18:04,38.9,1,1.76,50,Medium Stress
5/31/2026 18:04,38.5,1,1.55,68,Medium Stress
5/31/2026 18:04,36.2,0,0.56,21,Normal
5/31/2026 18:04,35.9,0,0.47,37,Normal
5/31/2026 18:04,43.7,1,4.92,91,High Stress
5/31/2026 18:04,44.6,1,3.03,87,High Stress
5/31/2026 18:04,37.7,0,0.53,39,Normal
5/31/2026 18:04,34.6,0,0.82,39,Normal
5/31/2026 18:05,34.2,0,0.43,39,Normal
5/31/2026 18:05,37.6,0,0.67,25,Normal
5/31/2026 18:05,39.2,0,1.59,51,Medium Stress
5/31/2026 18:05,37.1,0,0.73,38,Normal
5/31/2026 18:05,37.1,0,0.98,25,Normal
5/31/2026 18:05,38.3,1,1.08,59,Medium Stress
5/31/2026 18:05,37,0,0.94,28,Normal
5/31/2026 18:05,37.4,0,0.78,25,Normal
5/31/2026 18:05,34.6,0,0.49,32,Normal
5/31/2026 18:05,47.5,1,4.53,75,High Stress
5/31/2026 18:05,35.7,0,0.57,32,Normal
5/31/2026 18:05,38.3,0,1.48,45,Medium Stress
5/31/2026 18:05,44.9,1,3.03,76,High Stress
5/31/2026 18:05,42.5,1,4.59,93,High Stress
5/31/2026 18:05,44.1,1,4.12,89,High Stress
5/31/2026 18:05,36.6,0,0.51,31,Normal
5/31/2026 18:05,34,0,0.65,25,Normal
5/31/2026 18:05,38.7,1,1.94,57,Medium Stress
5/31/2026 18:06,46.8,1,3.82,87,High Stress
5/31/2026 18:06,36.1,0,0.23,29,Normal
5/31/2026 18:06,34.2,0,0.95,28,Normal
5/31/2026 18:06,37.3,0,0.94,21,Normal
5/31/2026 18:06,37.7,0,0.4,38,Normal
5/31/2026 18:06,41,0,1.91,47,Medium Stress
5/31/2026 18:06,35.5,0,0.5,39,Normal
5/31/2026 18:06,39.1,0,1.37,52,Medium Stress
5/31/2026 18:06,39,1,1.52,42,Medium Stress
,35,0,0.78,30,Normal
5/31/2026 18:06,37.5,0,0.77,27,Normal
5/31/2026 18:06,40.1,1,1.09,62,Medium Stress
5/31/2026 18:06,39.2,0,1.04,59,Medium Stress
5/31/2026 18:06,45.2,1,3.98,93,High Stress
5/31/2026 18:06,36.8,0,0.41,37,Normal
5/31/2026 18:06,38.4,0,1.8,57,Medium Stress
5/31/2026 18:06,42.8,1,3.52,97,High Stress
5/31/2026 18:06,34.3,0,0.82,21,Normal
5/31/2026 18:06,40.7,0,1.34,45,Medium Stress
5/31/2026 18:07,46.3,1,3.21,72,High Stress
5/31/2026 18:07,42.4,1,3.79,89,High Stress
5/31/2026 18:07,35.5,0,0.65,27,Normal
5/31/2026 18:07,36.9,0,0.26,27,Normal
5/31/2026 18:07,36.1,0,0.83,30,Normal
5/31/2026 18:07,36.3,0,,33,Normal
5/31/2026 18:07,40.9,1,1.19,52,Medium Stress
5/31/2026 18:07,47.4,1,4.65,87,High Stress
5/31/2026 18:07,37,0,0.29,33,Normal
5/31/2026 18:07,34.2,0,0.45,28,Normal
5/31/2026 18:07,37,0,0.31,24,Normal
5/31/2026 18:50,37.7,0,0.47,34,Normal
5/31/2026 18:50,,1,3.8,72,High Stress
5/31/2026 18:50,35.8,0,0.59,36,Normal
5/31/2026 18:50,40.9,0,1.94,43,Medium Stress
5/31/2026 18:50,42.8,1,4.99,86,High Stress
5/31/2026 18:50,,1,4.27,92,High Stress
5/31/2026 18:50,40.1,0,1.28,64,Medium Stress
5/31/2026 18:50,37.7,0,0.63,33,Normal
5/31/2026 18:50,39.3,0,1.88,50,Medium Stress
5/31/2026 18:50,37.1,0,0.78,37,Normal
5/31/2026 18:50,,0,0.62,32,Normal
5/31/2026 18:50,42.3,1,3.3,77,High Stress
5/31/2026 18:50,45.5,1,3.67,90,High Stress
5/31/2026 18:50,39.7,1,1.68,64,Medium Stress
5/31/2026 18:50,34.7,0,0.53,25,Normal
5/31/2026 18:50,35.9,0,0.73,27,Normal
5/31/2026 18:50,37.1,0,0.93,38,Normal
5/31/2026 18:50,46.9,1,4.98,84,High Stress
5/31/2026 18:50,46.4,1,3.85,89,High Stress
5/31/2026 18:50,35.9,0,0.46,38,Normal
5/31/2026 18:50,47.2,1,4.18,79,High Stress
5/31/2026 18:50,40.5,1,1.19,44,Medium Stress
5/31/2026 18:50,34.9,0,0.83,24,Normal
5/31/2026 18:50,34.3,0,0.9,31,Normal
5/31/2026 18:50,40.7,1,1.92,66,Medium Stress
5/31/2026 18:50,45.3,1,4.5,92,High Stress
5/31/2026 18:50,42.5,1,3.01,76,High Stress
5/31/2026 18:50,39.5,0,1.14,52,Medium Stress
5/31/2026 18:50,35.9,0,0.84,39,Normal
5/31/2026 18:50,45.9,1,4.87,82,High Stress
5/31/2026 18:50,43.5,1,4.23,71,High Stress
5/31/2026 18:50,36.4,0,0.8,33,Normal
5/31/2026 18:50,38.1,0,1.28,56,Medium Stress
5/31/2026 18:50,35.4,0,0.42,28,Normal
,36.2,0,0.59,26,Normal
5/31/2026 18:51,36.2,0,0.7,30,Normal
5/31/2026 18:51,35.4,0,0.6,31,Normal
5/31/2026 18:51,40.6,1,1.68,67,Medium Stress
5/31/2026 18:51,34.4,0,0.81,24,Normal
5/31/2026 18:51,47,1,4.52,84,High Stress
5/31/2026 18:51,47.1,1,4.85,85,High Stress
5/31/2026 18:51,39.1,0,1.5,58,Medium Stress
5/31/2026 18:51,34.5,0,0.73,21,Normal
5/31/2026 18:51,42.8,1,4.82,77,High Stress
5/31/2026 18:51,35.4,0,0.38,20,Normal
5/31/2026 18:51,36,0,0.33,33,Normal
5/31/2026 18:51,40.8,1,1.79,61,Medium Stress
5/31/2026 18:51,42.3,1,4.45,73,High Stress
5/31/2026 18:51,40.8,0,1.94,65,Medium Stress
5/31/2026 18:51,38.8,0,1.09,60,Medium Stress
5/31/2026 18:51,38.8,1,1.97,59,Medium Stress
5/31/2026 18:51,44.6,1,4.47,83,High Stress
5/31/2026 18:52,40.9,1,1.06,66,Medium Stress
5/31/2026 18:52,34.1,0,0.42,22,Normal
5/31/2026 18:52,34.1,0,0.29,20,Normal
5/31/2026 18:52,40.2,0,1.73,46,Medium Stress
5/31/2026 18:52,38.8,1,1.52,58,Medium Stress
5/31/2026 18:52,36.6,0,,32,Normal
5/31/2026 18:52,47,1,4.28,82,High Stress
5/31/2026 18:52,37.5,0,0.95,31,Normal
5/31/2026 18:52,47.1,1,4.36,90,High Stress
5/31/2026 18:52,47.1,1,4.88,89,High Stress
5/31/2026 18:52,39.4,0,1.86,68,Medium Stress
5/31/2026 18:52,45.1,1,,71,High Stress
5/31/2026 18:52,34.4,0,0.21,34,Normal
5/31/2026 18:52,44.8,1,3.22,76,High Stress
5/31/2026 18:52,40.2,1,1.83,44,Medium Stress
5/31/2026 18:53,44.3,1,3.81,84,High Stress
5/31/2026 18:53,36,0,0.84,36,Normal
5/31/2026 18:53,46.5,1,4.46,78,High Stress
5/31/2026 18:53,36.7,0,0.42,37,Normal
5/31/2026 18:53,40.2,1,1.05,64,Medium Stress
,42.3,1,4.52,73,High Stress
5/31/2026 18:53,36.1,0,0.65,32,Normal
5/31/2026 18:53,38.3,1,1.46,55,Medium Stress
5/31/2026 18:53,34.4,0,0.49,38,Normal
5/31/2026 18:53,37,0,0.7,40,Normal
5/31/2026 18:53,40.5,0,1.98,47,Medium Stress
5/31/2026 18:53,35.9,0,0.61,39,Normal
5/31/2026 18:53,37.2,0,0.85,40,Normal
5/31/2026 18:53,37.9,0,0.35,33,Normal
5/31/2026 18:53,38.9,0,1.68,49,Medium Stress
5/31/2026 18:53,35,0,0.63,24,Normal
5/31/2026 18:53,34.8,0,0.71,32,Normal
5/31/2026 18:53,39.2,0,1.44,41,Medium Stress
5/31/2026 18:53,35.6,0,0.23,37,Normal
5/31/2026 18:54,37.2,0,0.79,30,Normal
5/31/2026 18:54,37.2,0,0.89,30,Normal
5/31/2026 18:54,39.9,0,1.74,44,Medium Stress
5/31/2026 18:54,40.5,0,1.8,68,Medium Stress
5/31/2026 18:54,39.4,1,1.85,58,Medium Stress
5/31/2026 18:54,45.2,1,3.94,80,High Stress
5/31/2026 18:54,34.8,0,0.63,30,Normal
5/31/2026 18:54,36.8,0,0.21,31,Normal
5/31/2026 18:54,47.5,1,4.27,85,High Stress
5/31/2026 18:54,35.3,0,0.42,25,Normal
5/31/2026 18:54,38,1,1.65,51,Medium Stress
5/31/2026 18:54,46.7,1,3.94,93,High Stress
5/31/2026 18:54,34.7,0,0.37,23,Normal
5/31/2026 18:54,34.3,0,0.95,40,Normal
5/31/2026 18:54,38.1,1,1.72,61,Medium Stress
5/31/2026 18:54,37.7,0,,33,Normal
5/31/2026 18:54,36.1,0,0.88,25,Normal
5/31/2026 18:54,40.4,1,1.65,51,Medium Stress
5/31/2026 18:55,36.9,0,0.76,27,Normal
5/31/2026 18:55,45.5,1,3.76,71,High Stress
5/31/2026 18:55,37.2,0,0.74,40,Normal
5/31/2026 18:55,39.5,0,1.76,64,Medium Stress
5/31/2026 18:55,39.1,1,1.17,59,Medium Stress
5/31/2026 18:55,43.9,1,4.99,93,High Stress
5/31/2026 18:55,40.4,1,1.96,47,Medium Stress
5/31/2026 18:55,40.7,1,1.28,47,Medium Stress
5/31/2026 18:55,38.2,1,1.62,50,Medium Stress
5/31/2026 18:55,40.9,1,1.55,50,Medium Stress
5/31/2026 18:55,35.7,0,0.84,25,Normal
5/31/2026 18:55,46.2,1,3.25,76,High Stress
5/31/2026 18:55,40.6,0,1.25,50,Medium Stress
5/31/2026 18:55,36.2,0,0.68,23,Normal
5/31/2026 18:55,44.1,1,3.77,79,High Stress
5/31/2026 18:55,47.8,1,3.92,94,High Stress
5/31/2026 18:55,37.3,0,0.29,20,Normal
5/31/2026 18:56,34.2,0,0.24,32,Normal
5/31/2026 18:56,34.9,0,0.59,22,Normal
5/31/2026 18:56,35.1,0,0.49,24,Normal
5/31/2026 18:56,38.2,1,1.49,41,Medium Stress
5/31/2026 18:56,44.3,1,4.49,84,High Stress
5/31/2026 18:56,40.2,1,1.11,60,Medium Stress
5/31/2026 18:56,46.9,1,3.82,71,High Stress
5/31/2026 18:56,36,0,0.88,30,Normal
5/31/2026 18:56,35.9,0,0.65,23,Normal
5/31/2026 18:56,43,1,4.72,100,High Stress
5/31/2026 18:56,,1,3.79,88,High Stress
5/31/2026 18:56,42.1,1,4.57,97,High Stress
5/31/2026 18:56,43.9,1,4.24,71,High Stress
5/31/2026 18:56,35.5,0,0.58,38,Normal
5/31/2026 18:56,47.7,1,4.87,81,High Stress
5/31/2026 18:56,43.7,1,4.08,91,High Stress
5/31/2026 18:56,44.7,1,4.41,82,High Stress
5/31/2026 18:56,35.7,0,0.51,31,Normal
5/31/2026 18:56,43.5,1,3.66,81,High Stress
5/31/2026 18:57,38,0,0.94,40,Normal
5/31/2026 18:57,39.8,1,1.46,42,Medium Stress
5/31/2026 18:57,37.4,0,0.49,39,Normal
5/31/2026 18:57,42,1,3.92,92,High Stress
5/31/2026 18:57,47.3,1,3.53,84,High Stress
5/31/2026 18:57,42.1,1,4.96,74,High Stress
5/31/2026 18:57,38.2,0,1.95,48,Medium Stress
5/31/2026 18:57,37.3,0,0.7,30,Normal
5/31/2026 18:57,37.4,0,0.35,24,Normal
5/31/2026 18:57,40,1,1.02,63,Medium Stress
5/31/2026 18:57,35,0,0.99,25,Normal
5/31/2026 18:57,35.9,0,0.58,29,Normal
5/31/2026 18:57,38.1,1,1.71,66,Medium Stress
5/31/2026 18:57,37.4,0,0.75,22,Normal
5/31/2026 18:57,36.2,0,0.4,31,Normal
5/31/2026 18:57,36.4,0,0.21,22,Normal
5/31/2026 18:57,36.8,0,0.77,36,Normal
5/31/2026 18:57,34.6,0,0.31,26,Normal
5/31/2026 18:58,42.1,1,3.87,94,High Stress
5/31/2026 18:58,44.9,1,4.47,96,High Stress
5/31/2026 18:58,40.9,0,1.7,62,Medium Stress
5/31/2026 18:58,35,0,0.65,37,Normal
,47.5,1,4.48,96,High Stress
5/31/2026 18:58,39.1,0,,48,Medium Stress
5/31/2026 18:58,39.1,0,1.02,54,Medium Stress
5/31/2026 18:58,34.8,0,0.51,37,Normal
5/31/2026 18:58,44.1,1,3.73,99,High Stress
5/31/2026 18:58,40.6,1,1.24,68,Medium Stress
5/31/2026 18:58,37.2,0,0.6,30,Normal
5/31/2026 18:58,35.4,0,0.85,38,Normal
5/31/2026 18:58,39.1,0,1.66,62,Medium Stress
5/31/2026 18:58,40,0,1.63,55,Medium Stress
5/31/2026 18:58,38,0,1.02,45,Medium Stress
5/31/2026 18:58,39.4,1,1.42,44,Medium Stress
5/31/2026 18:58,37.5,0,0.96,20,Normal
5/31/2026 18:59,36.9,0,0.44,35,Normal
5/31/2026 18:59,40.5,0,1.61,56,Medium Stress
5/31/2026 18:59,35.8,0,0.76,30,Normal
5/31/2026 18:59,41,1,1.03,50,Medium Stress
5/31/2026 18:59,45.5,1,3.46,79,High Stress
5/31/2026 18:59,36.7,0,0.4,38,Normal
5/31/2026 18:59,40.5,0,1.16,70,Medium Stress
5/31/2026 18:59,34.8,0,0.52,20,Normal
5/31/2026 18:59,45.1,1,3.04,92,High Stress
5/31/2026 18:59,39.9,0,1.35,56,Medium Stress
5/31/2026 18:59,45.9,1,4.65,84,High Stress
5/31/2026 18:59,34.9,0,0.96,31,Normal
5/31/2026 18:59,35.1,0,0.37,33,Normal
5/31/2026 18:59,35.4,0,0.54,40,Normal
5/31/2026 18:59,41,1,1.8,56,Medium Stress
5/31/2026 18:59,,0,0.5,26,Normal
5/31/2026 18:59,37.2,0,0.88,30,Normal
5/31/2026 19:00,37.7,0,0.97,39,Normal
5/31/2026 19:00,36.4,0,0.4,32,Normal
5/31/2026 19:00,34.3,0,0.58,21,Normal
5/31/2026 19:00,35.2,0,0.38,28,Normal
5/31/2026 19:00,47,1,,82,High Stress
5/31/2026 19:00,36.8,0,0.24,34,Normal
5/31/2026 19:00,37.1,0,0.51,23,Normal
5/31/2026 19:00,47.1,1,3.72,99,High Stress
5/31/2026 19:00,38.7,0,1.71,44,Medium Stress
5/31/2026 19:00,34.3,0,0.4,37,Normal
5/31/2026 19:00,39.1,0,1.88,67,Medium Stress
5/31/2026 19:00,39.7,1,1.79,43,Medium Stress
5/31/2026 19:00,36.5,0,0.57,37,Normal
5/31/2026 19:00,35.3,0,0.93,38,Normal
5/31/2026 17:45,39.8,0,,62,Medium Stress
5/31/2026 17:45,39.4,0,1.58,41,Medium Stress
5/31/2026 17:45,40.3,0,1.73,50,Medium Stress
5/31/2026 17:45,42.1,1,4.74,84,High Stress
5/31/2026 17:45,37.1,0,0.36,34,Normal
5/31/2026 17:45,36.8,0,0.82,29,Normal
5/31/2026 17:45,39.4,0,1.47,51,Medium Stress
5/31/2026 17:45,44.3,1,3.15,89,High Stress
5/31/2026 17:45,34.5,0,0.86,35,Normal
5/31/2026 17:45,38,0,1.11,45,Medium Stress
5/31/2026 17:45,39.7,0,1.78,62,Medium Stress
5/31/2026 17:45,37.5,0,0.7,40,Normal
5/31/2026 17:45,34.4,0,0.84,38,Normal
5/31/2026 17:45,47.2,1,4.91,73,High Stress
5/31/2026 17:45,40.1,1,1.91,54,Medium Stress
5/31/2026 17:45,35.1,0,0.79,24,Normal
5/31/2026 17:45,36.8,0,0.6,28,Normal
5/31/2026 17:45,35.1,0,0.9,31,Normal
5/31/2026 17:45,37.7,0,0.94,29,Normal
5/31/2026 17:46,37.5,0,0.24,37,Normal
5/31/2026 17:46,37.9,0,0.6,38,Normal
5/31/2026 17:46,,0,1.39,53,Medium Stress
5/31/2026 17:46,45.1,1,4.14,75,High Stress
5/31/2026 17:46,44.6,1,3.98,97,High Stress
5/31/2026 17:46,38.9,0,1.78,67,Medium Stress
5/31/2026 17:46,36,0,0.44,37,Normal
5/31/2026 17:46,38.4,1,1.94,51,Medium Stress
5/31/2026 17:46,44.1,1,4.45,82,High Stress
5/31/2026 17:46,39.9,0,1.68,58,Medium Stress
5/31/2026 17:46,41,0,1.23,53,Medium Stress
5/31/2026 17:46,35,0,0.21,37,Normal
5/31/2026 17:46,43.3,1,3.93,97,High Stress
5/31/2026 17:46,39,0,1.2,47,Medium Stress
5/31/2026 17:46,42.2,1,4.63,84,High Stress
5/31/2026 17:46,46.7,1,4.89,91,High Stress
5/31/2026 17:46,43.6,1,4.98,88,High Stress
5/31/2026 17:46,36.3,0,0.93,25,Normal
5/31/2026 17:47,39.1,1,1.14,46,Medium Stress
5/31/2026 17:47,42.3,1,3.82,73,High Stress
5/31/2026 17:47,34.5,0,0.4,36,Normal
5/31/2026 17:47,43.4,1,3.89,73,High Stress
5/31/2026 17:47,40.7,0,,41,Medium Stress
,46,1,3.35,84,High Stress
5/31/2026 17:47,36.2,0,0.8,21,Normal
5/31/2026 17:47,37.3,0,0.52,25,Normal
5/31/2026 17:47,39.7,1,,56,Medium Stress
5/31/2026 17:47,37.6,0,0.29,32,Normal
5/31/2026 17:47,34.2,0,0.83,37,Normal
5/31/2026 17:47,47.4,1,4.1,71,High Stress
5/31/2026 17:47,35.2,0,0.62,27,Normal
5/31/2026 17:47,37.3,0,0.5,33,Normal
5/31/2026 17:47,44.7,1,3.88,88,High Stress
5/31/2026 17:47,40.5,1,1.6,56,Medium Stress
5/31/2026 17:47,45.6,1,4,82,High Stress
5/31/2026 17:47,41,0,1.07,57,Medium Stress
5/31/2026 17:48,37.3,0,0.62,35,Normal
5/31/2026 17:48,46.1,1,3.08,72,High Stress
5/31/2026 17:48,45.1,1,4.1,78,High Stress
5/31/2026 17:48,34.6,0,0.56,37,Normal
5/31/2026 17:48,47.5,1,3.17,75,High Stress
5/31/2026 17:48,40.3,0,1.46,58,Medium Stress
5/31/2026 17:48,42.3,1,4.24,80,High Stress
5/31/2026 17:48,39.6,1,1.57,52,Medium Stress
5/31/2026 17:48,39.6,1,1.03,48,Medium Stress
5/31/2026 17:48,36.6,0,0.5,20,Normal
5/31/2026 17:48,47,1,4.22,75,High Stress
5/31/2026 17:48,44.9,1,4.23,85,High Stress
5/31/2026 17:48,45,1,4.01,71,High Stress
5/31/2026 17:48,34.3,0,0.4,24,Normal
5/31/2026 17:48,34.3,0,0.8,25,Normal
5/31/2026 17:48,44.1,1,4.17,83,High Stress
5/31/2026 17:48,44.1,1,,92,High Stress
5/31/2026 17:48,40,0,1.34,68,Medium Stress
5/31/2026 17:49,36.2,0,0.82,30,Normal
5/31/2026 17:49,47.4,1,3.96,93,High Stress
,46.5,1,3.23,86,High Stress
5/31/2026 17:49,,1,1.96,60,Medium Stress
5/31/2026 17:49,,1,4.52,85,High Stress
5/31/2026 17:49,36.6,0,0.37,30,Normal
,40.5,0,1.64,57,Medium Stress
5/31/2026 17:49,42.2,1,4.64,88,High Stress
5/31/2026 17:49,38.6,0,1.4,43,Medium Stress
5/31/2026 17:49,37.8,0,0.28,21,Normal
5/31/2026 17:49,37.8,0,0.62,21,Normal
5/31/2026 17:49,39.9,1,1.85,47,Medium Stress
5/31/2026 17:49,37.5,0,0.93,25,Normal
5/31/2026 17:49,40.9,0,1.33,64,Medium Stress
5/31/2026 17:49,40.9,1,1.76,53,Medium Stress
5/31/2026 17:49,39.7,0,1.55,42,Medium Stress
,37.9,0,0.79,37,Normal
5/31/2026 17:49,42.5,1,4.63,89,High Stress
5/31/2026 17:49,43.6,1,4.42,75,High Stress
5/31/2026 17:49,35,0,0.73,26,Normal
5/31/2026 17:50,38.5,1,1.36,59,Medium Stress
5/31/2026 17:50,38.2,0,1.6,43,Medium Stress
,47.2,1,4.97,84,High Stress
5/31/2026 17:50,39.8,1,1.64,70,Medium Stress
5/31/2026 17:50,45.3,1,3.16,74,High Stress
5/31/2026 17:50,34.3,0,0.77,35,Normal
5/31/2026 17:50,39,1,1.39,63,Medium Stress
5/31/2026 17:50,43.8,1,3.93,84,High Stress
5/31/2026 17:50,35.8,0,0.94,31,Normal
5/31/2026 17:50,43.5,1,4.54,99,High Stress
5/31/2026 17:50,42.7,1,3.42,74,High Stress
5/31/2026 17:50,40.1,0,1.05,53,Medium Stress
5/31/2026 17:50,38.2,0,1.22,58,Medium Stress
5/31/2026 17:51,35.1,0,0.99,35,Normal
5/31/2026 17:51,46.6,1,4.13,73,High Stress
5/31/2026 17:51,40.2,0,1.57,47,Medium Stress
5/31/2026 17:51,42.8,1,3.2,98,High Stress
5/31/2026 17:51,40,0,1.07,52,Medium Stress
5/31/2026 17:51,35.5,0,0.94,38,Normal
5/31/2026 17:51,40.3,0,1.22,45,Medium Stress
5/31/2026 17:51,36.4,0,0.7,30,Normal
5/31/2026 17:51,35.6,0,0.55,32,Normal
5/31/2026 17:51,37.5,0,0.71,22,Normal
5/31/2026 17:51,34.2,0,0.87,38,Normal
5/31/2026 17:51,34.5,0,0.32,37,Normal
5/31/2026 17:51,38.9,1,1.79,70,Medium Stress
5/31/2026 17:51,34.6,0,0.93,36,Normal
5/31/2026 17:51,46.7,1,4.98,82,High Stress
5/31/2026 17:51,47.7,1,3.47,97,High Stress
5/31/2026 17:52,36.1,0,0.24,34,Normal
5/31/2026 17:52,44.7,1,3.68,89,High Stress
5/31/2026 17:52,43.3,1,3.19,89,High Stress
5/31/2026 17:52,36.5,0,0.21,34,Normal
5/31/2026 17:52,42.3,1,3.08,71,High Stress
5/31/2026 17:52,34.7,0,0.83,24,Normal
5/31/2026 17:52,47.7,1,4.1,83,High Stress
5/31/2026 17:52,43.5,1,4.56,86,High Stress
5/31/2026 17:52,46.1,1,3.44,81,High Stress
5/31/2026 17:52,34.4,0,0.51,35,Normal
5/31/2026 17:52,38.8,0,1.06,68,Medium Stress
5/31/2026 17:52,40.7,0,1.73,57,Medium Stress
5/31/2026 17:52,37.3,0,0.24,23,Normal
5/31/2026 17:52,43.1,1,3.54,77,High Stress
5/31/2026 17:52,36.9,0,0.64,38,Normal
5/31/2026 17:52,35.7,0,0.7,20,Normal
5/31/2026 17:52,40,0,1.24,47,Medium Stress
5/31/2026 17:52,47.8,1,4.77,94,High Stress
5/31/2026 17:52,37.9,0,0.66,36,Normal
,37.9,0,0.41,34,Normal
5/31/2026 17:53,37.3,0,0.94,23,Normal
5/31/2026 17:53,34.3,0,0.46,22,Normal
5/31/2026 17:53,40.9,1,1.4,65,Medium Stress
5/31/2026 17:53,40.4,0,1.35,41,Medium Stress
5/31/2026 17:53,42.8,1,3.43,92,High Stress
5/31/2026 17:53,45.3,1,3.89,79,High Stress
5/31/2026 17:53,38.1,0,1.65,65,Medium Stress
5/31/2026 17:53,44.7,1,3.84,86,High Stress
,46.7,1,3.78,73,High Stress
5/31/2026 17:53,37.4,0,0.97,28,Normal
5/31/2026 17:53,38.6,1,1.24,49,Medium Stress
5/31/2026 17:53,38.1,1,1.86,46,Medium Stress
5/31/2026 17:53,38.8,0,1.09,68,Medium Stress
5/31/2026 17:53,36.8,0,0.57,33,Normal
5/31/2026 17:53,37,0,0.73,24,Normal
5/31/2026 17:53,40.4,0,1.08,66,Medium Stress
5/31/2026 17:54,47.8,1,3.44,97,High Stress
5/31/2026 17:54,38.8,1,1.4,47,Medium Stress
5/31/2026 17:54,35.7,0,0.62,38,Normal
5/31/2026 17:54,35.7,0,0.28,30,Normal
5/31/2026 18:02,37.3,0,0.84,40,Normal
5/31/2026 18:02,42.5,1,4.26,96,High Stress
5/31/2026 18:02,34.3,0,0.82,29,Normal
5/31/2026 18:02,38.6,1,1.58,52,Medium Stress
5/31/2026 18:02,44.7,1,4.55,96,High Stress
5/31/2026 18:02,45.2,1,3.34,86,High Stress
5/31/2026 18:02,38.8,1,1.51,70,Medium Stress
,37.9,0,0.84,24,Normal
5/31/2026 18:02,36.8,0,0.88,34,Normal
5/31/2026 18:02,35.3,0,0.37,36,Normal
5/31/2026 18:03,39.6,0,1.6,62,Medium Stress
5/31/2026 18:03,36.7,0,0.28,37,Normal
5/31/2026 18:03,39.9,0,1.47,60,Medium Stress
5/31/2026 18:03,47.6,1,3.77,74,High Stress
5/31/2026 18:03,38.6,0,1.32,48,Medium Stress
5/31/2026 18:03,37.1,0,0.56,37,Normal
5/31/2026 18:03,40,1,1.52,62,Medium Stress
5/31/2026 18:03,38,0,1.49,51,Medium Stress
5/31/2026 18:03,35.4,0,0.82,23,Normal
5/31/2026 18:03,34.5,0,0.4,36,Normal
5/31/2026 18:03,42.3,1,4.52,85,High Stress
5/31/2026 18:03,42.7,1,4.23,100,High Stress
5/31/2026 18:03,39,0,1.71,51,Medium Stress
5/31/2026 18:03,35.1,0,0.31,40,Normal
5/31/2026 18:03,37.6,0,0.29,34,Normal
5/31/2026 18:03,37.1,0,0.63,28,Normal
5/31/2026 18:03,39.6,0,1.27,41,Medium Stress
5/31/2026 18:03,42.7,1,4.04,95,High Stress
5/31/2026 18:04,38.8,0,1.88,45,Medium Stress
5/31/2026 18:04,36.7,0,0.92,30,Normal
5/31/2026 18:04,35.5,0,0.56,23,Normal
5/31/2026 18:04,35.1,0,0.38,21,Normal
5/31/2026 18:04,37.1,0,0.69,33,Normal
5/31/2026 18:04,38.6,0,1.71,49,Medium Stress
5/31/2026 18:04,39.4,0,1.45,42,Medium Stress
5/31/2026 18:04,36.4,0,0.78,30,Normal
5/31/2026 18:04,39.3,1,1.41,61,Medium Stress
5/31/2026 18:04,36.4,0,0.79,34,Normal
5/31/2026 18:04,37.4,0,0.75,38,Normal
5/31/2026 18:04,40.5,0,2,48,Medium Stress
5/31/2026 18:04,45.2,1,3.29,90,High Stress
5/31/2026 18:04,40.3,0,1.52,48,Medium Stress
5/31/2026 18:04,37.7,0,0.75,22,Normal
5/31/2026 18:04,38.3,0,1.9,49,Medium Stress
5/31/2026 18:04,44,1,4.38,91,High Stress
5/31/2026 18:04,41,1,1.65,70,Medium Stress
5/31/2026 18:04,38.1,0,1.44,49,Medium Stress
5/31/2026 18:05,40.9,0,1.42,49,Medium Stress
5/31/2026 18:05,42.5,1,4.1,80,High Stress
5/31/2026 18:05,38.9,0,1.84,53,Medium Stress
,47.5,1,3.04,81,High Stress
5/31/2026 18:05,39.7,0,1.75,67,Medium Stress
5/31/2026 18:05,34.4,0,0.69,23,Normal
5/31/2026 18:05,39.7,0,1.2,67,Medium Stress
5/31/2026 18:05,35.6,0,0.85,37,Normal
5/31/2026 18:05,44,1,4.01,96,High Stress
5/31/2026 18:05,35.4,0,0.46,40,Normal
5/31/2026 18:05,46,1,4.64,79,High Stress
5/31/2026 18:05,39.9,0,1.27,41,Medium Stress
5/31/2026 18:05,44.9,1,3.7,85,High Stress
5/31/2026 18:05,44.3,1,4.67,79,High Stress
5/31/2026 18:05,,0,0.69,28,Normal
5/31/2026 18:05,40.1,0,1.49,51,Medium Stress
5/31/2026 18:05,37.3,0,0.89,20,Normal
5/31/2026 18:05,44.8,1,4.24,90,High Stress
5/31/2026 18:06,47.7,1,4.48,77,High Stress
5/31/2026 18:06,35.4,0,,21,Normal
5/31/2026 18:06,,0,0.81,31,Normal
5/31/2026 18:06,40.7,1,1.69,44,Medium Stress
5/31/2026 18:06,34.4,0,0.66,27,Normal
5/31/2026 18:06,43.9,1,3.92,87,High Stress
5/31/2026 18:06,35.9,0,0.67,22,Normal
5/31/2026 18:06,36.7,0,0.54,21,Normal
5/31/2026 18:06,47.5,1,3.18,92,High Stress
5/31/2026 18:06,40.9,0,1.25,52,Medium Stress
5/31/2026 18:06,35,0,0.23,21,Normal
5/31/2026 18:06,34.2,0,0.51,30,Normal
5/31/2026 18:06,35.4,0,0.42,33,Normal
5/31/2026 18:06,37.5,0,0.2,36,Normal
5/31/2026 18:06,47.3,1,3.09,97,High Stress
5/31/2026 18:06,36.3,0,0.75,24,Normal
5/31/2026 18:06,45.9,1,3.1,76,High Stress
5/31/2026 18:06,47.1,1,3.23,87,High Stress
5/31/2026 18:06,48,1,4.22,78,High Stress
5/31/2026 18:07,39.8,0,1.96,41,Medium Stress
,34.1,0,0.78,22,Normal
5/31/2026 18:07,38.9,1,1.01,64,Medium Stress
5/31/2026 18:07,36,0,0.47,37,Normal
5/31/2026 18:07,44.2,1,4.04,97,High Stress
5/31/2026 18:07,45.2,1,3.14,83,High Stress
5/31/2026 18:07,42.9,1,4.76,75,High Stress
5/31/2026 18:07,37.2,0,0.74,28,Normal
5/31/2026 18:07,37.2,0,0.47,28,Normal
5/31/2026 18:07,39.1,0,1.5,56,Medium Stress
5/31/2026 18:07,40.3,0,1.88,62,Medium Stress
5/31/2026 18:07,43.9,1,3.18,87,High Stress
5/31/2026 18:50,44,1,,75,High Stress
5/31/2026 18:50,,1,1.88,55,Medium Stress
5/31/2026 18:50,34.2,0,0.72,32,Normal
,34.4,0,0.33,30,Normal
5/31/2026 18:50,38.5,0,1.16,63,Medium Stress
5/31/2026 18:50,44.7,1,3.42,98,High Stress
5/31/2026 18:50,46,1,4.32,74,High Stress
5/31/2026 18:50,39.9,0,1,41,Medium Stress
5/31/2026 18:50,42.6,1,3.72,86,High Stress
5/31/2026 18:50,40.5,0,,57,Medium Stress
5/31/2026 18:50,44.3,1,4.26,100,High Stress
5/31/2026 18:50,35,0,0.8,39,Normal
5/31/2026 18:50,38.6,1,1.41,62,Medium Stress
5/31/2026 18:50,35.4,0,0.51,38,Normal
5/31/2026 18:50,34.3,0,0.97,30,Normal
5/31/2026 18:50,38.3,1,1.36,65,Medium Stress
5/31/2026 18:50,38,0,0.73,36,Normal
5/31/2026 18:50,46.1,1,3.64,98,High Stress
5/31/2026 18:50,35.4,0,0.35,21,Normal
5/31/2026 18:50,37.1,0,0.42,22,Normal
5/31/2026 18:50,,1,3.45,77,High Stress
5/31/2026 18:50,39.7,0,1.96,57,Medium Stress
5/31/2026 18:50,45.9,1,3.36,91,High Stress
5/31/2026 18:50,35.9,0,0.54,21,Normal
5/31/2026 18:50,37.8,0,0.39,32,Normal
5/31/2026 18:50,35,0,0.66,31,Normal
5/31/2026 18:50,39.4,1,1.7,53,Medium Stress
5/31/2026 18:50,35.5,0,0.93,32,Normal
5/31/2026 18:50,46.1,1,3.21,92,High Stress
5/31/2026 18:50,40.9,1,1.2,41,Medium Stress
5/31/2026 18:50,37.8,0,0.87,40,Normal
5/31/2026 18:50,,1,3.02,89,High Stress
5/31/2026 18:50,34.7,0,0.81,34,Normal
5/31/2026 18:50,44.8,1,3.81,96,High Stress
5/31/2026 18:51,47.1,1,3.31,91,High Stress
5/31/2026 18:51,39.3,0,1.88,70,Medium Stress
5/31/2026 18:51,39.2,0,1.56,49,Medium Stress
5/31/2026 18:51,34.7,0,0.66,37,Normal
5/31/2026 18:51,43.2,1,3.64,73,High Stress
5/31/2026 18:51,34.8,0,0.75,40,Normal
,47.6,1,3.54,76,High Stress
5/31/2026 18:51,38.6,0,1.05,42,Medium Stress
5/31/2026 18:51,37.1,0,0.46,33,Normal
5/31/2026 18:51,36.5,0,0.93,31,Normal
5/31/2026 18:51,38.2,1,1.61,70,Medium Stress
5/31/2026 18:51,47.2,1,3.98,97,High Stress
5/31/2026 18:51,36.7,0,0.47,34,Normal
5/31/2026 18:51,40.7,1,1.61,51,Medium Stress
5/31/2026 18:51,40.7,1,1.11,70,Medium Stress
5/31/2026 18:51,36.5,0,0.7,32,Normal
5/31/2026 18:51,44.4,1,3.49,77,High Stress
5/31/2026 18:52,,0,0.56,25,Normal
5/31/2026 18:52,38.4,0,1.64,44,Medium Stress
5/31/2026 18:52,36.3,0,0.79,33,Normal
5/31/2026 18:52,39.7,1,1.79,65,Medium Stress
5/31/2026 18:52,38.8,0,1.1,67,Medium Stress
5/31/2026 18:52,34.8,0,0.35,26,Normal
5/31/2026 18:52,35.6,0,0.5,20,Normal
5/31/2026 18:52,45.1,1,4.43,85,High Stress
5/31/2026 18:52,36.1,0,0.57,40,Normal
5/31/2026 18:52,37.4,0,0.86,39,Normal
5/31/2026 18:52,43.3,1,3.71,79,High Stress
5/31/2026 18:52,34,0,0.59,38,Normal
5/31/2026 18:52,47.7,1,4.71,79,High Stress
,35.5,0,0.36,38,Normal
,37.5,0,0.36,31,Normal
5/31/2026 18:52,35.9,0,0.37,33,Normal
5/31/2026 18:53,,0,0.65,29,Normal
5/31/2026 18:53,45.9,1,3.46,82,High Stress
5/31/2026 18:53,37.9,0,0.78,22,Normal
5/31/2026 18:53,46.6,1,4.46,91,High Stress
,36.6,0,,40,Normal
5/31/2026 18:53,37,0,0.63,38,Normal
5/31/2026 18:53,43.8,1,,91,High Stress
5/31/2026 18:53,43.2,1,3.67,80,High Stress
5/31/2026 18:53,39.8,0,1.53,57,Medium Stress
5/31/2026 18:53,39.2,1,1.9,45,Medium Stress
5/31/2026 18:53,44.5,1,4.64,100,High Stress
5/31/2026 18:53,34.7,0,0.86,27,Normal
5/31/2026 18:53,36.5,0,0.63,33,Normal
5/31/2026 18:53,40.4,0,1.48,57,Medium Stress
5/31/2026 18:53,35.7,0,0.88,37,Normal
5/31/2026 18:53,39.6,1,1.61,45,Medium Stress
5/31/2026 18:53,39.6,1,1.42,45,Medium Stress
5/31/2026 18:53,40.6,1,1.45,53,Medium Stress
5/31/2026 18:54,37.6,0,0.85,25,Normal
5/31/2026 18:54,37.9,0,0.36,30,Normal
5/31/2026 18:54,39.3,0,1.68,42,Medium Stress
5/31/2026 18:54,37,0,0.25,20,Normal
5/31/2026 18:54,47.6,1,3.76,93,High Stress
5/31/2026 18:54,38.1,0,1.36,61,Medium Stress
5/31/2026 18:54,40.1,1,1.18,59,Medium Stress
5/31/2026 18:54,40.8,0,1.54,56,Medium Stress
5/31/2026 18:54,35.5,0,0.54,29,Normal
,35.1,0,0.79,28,Normal
5/31/2026 18:54,36.4,0,0.7,38,Normal
5/31/2026 18:54,45.8,1,,94,High Stress
5/31/2026 18:54,35.6,0,0.78,29,Normal
5/31/2026 18:54,38,0,1.24,62,Medium Stress
,43.2,1,3.43,100,High Stress
5/31/2026 18:54,36.5,0,0.92,21,Normal
5/31/2026 18:54,39.5,0,1.16,45,Medium Stress
5/31/2026 18:54,40.2,1,1.29,62,Medium Stress
5/31/2026 18:55,39.4,0,1.35,65,Medium Stress
5/31/2026 18:55,47.8,1,4.99,86,High Stress
5/31/2026 18:55,,0,0.38,24,Normal
5/31/2026 18:55,34.7,0,0.3,38,Normal
5/31/2026 18:55,39.2,1,1.97,60,Medium Stress
5/31/2026 18:55,36.7,0,0.42,37,Normal
5/31/2026 18:55,45.3,1,3.36,79,High Stress
5/31/2026 18:55,,1,1.32,60,Medium Stress
5/31/2026 18:55,35.2,0,,23,Normal
5/31/2026 18:55,43.7,1,3.15,92,High Stress
5/31/2026 18:55,34.4,0,0.94,37,Normal
5/31/2026 18:55,40.3,1,1.07,44,Medium Stress
5/31/2026 18:55,44.4,1,4.21,75,High Stress
5/31/2026 18:55,46,1,3.82,92,High Stress
5/31/2026 18:55,35.9,0,0.7,30,Normal
5/31/2026 18:55,36.6,0,0.82,39,Normal
5/31/2026 18:55,36.2,0,0.49,28,Normal
5/31/2026 18:55,34.2,0,0.95,30,Normal
5/31/2026 18:56,34.5,0,0.35,23,Normal
5/31/2026 18:56,35.6,0,0.24,34,Normal
5/31/2026 18:56,34.7,0,0.56,37,Normal
5/31/2026 18:56,46,1,3.1,71,High Stress
5/31/2026 18:56,36.3,0,0.83,25,Normal
5/31/2026 18:56,34.2,0,0.43,32,Normal
,40.8,1,1.99,46,Medium Stress
5/31/2026 18:56,36.9,0,0.48,27,Normal
5/31/2026 18:56,38.2,1,1.86,65,Medium Stress
5/31/2026 18:56,38.8,0,1.62,55,Medium Stress
5/31/2026 18:56,35,0,0.88,33,Normal
5/31/2026 18:56,35.5,0,0.39,29,Normal
5/31/2026 18:56,42.2,1,,90,High Stress
5/31/2026 18:56,34.7,0,0.49,22,Normal
5/31/2026 18:56,37.7,0,0.63,28,Normal
